Genotype	Drug	time	Absorbance	Replicate
Mut_A	Drug_X	1	0	1
Mut_A	Drug_X	2	0.0019769439899045	1
Mut_A	Drug_X	3	0.00269452276670181	1
Mut_A	Drug_X	4	0	1
Mut_A	Drug_X	5	0.00255901461785617	1
Mut_A	Drug_X	6	0.000882966395618491	1
Mut_A	Drug_X	7	0.000207471666468754	1
Mut_A	Drug_X	8	0	1
Mut_A	Drug_X	9	0.00293046667549971	1
Mut_A	Drug_X	10	0	1
Mut_A	Drug_X	11	0	1
Mut_A	Drug_X	12	0.00929838920574378	1
Mut_A	Drug_X	13	0.0102892288067109	1
Mut_A	Drug_X	14	0.0170506668211975	1
Mut_A	Drug_X	15	0.00151930241814772	1
Mut_A	Drug_X	16	0.00601807890662809	1
Mut_A	Drug_X	17	0.013794378580085	1
Mut_A	Drug_X	18	0.0184843106661955	1
Mut_A	Drug_X	19	0.0123208748937887	1
Mut_A	Drug_X	20	0.0226683641241322	1
Mut_A	Drug_X	21	0.0261538360099482	1
Mut_A	Drug_X	22	0.0207186952589006	1
Mut_A	Drug_X	23	0.0261837892709989	1
Mut_A	Drug_X	24	0.0505658705682051	1
Mut_A	Drug_X	25	0.0370300274106239	1
Mut_A	Drug_X	26	0.0561634430360843	1
Mut_A	Drug_X	27	0.0653855765856331	1
Mut_A	Drug_X	28	0.071533052655367	1
Mut_A	Drug_X	29	0.0803013628365621	1
Mut_A	Drug_X	30	0.0935010892405853	1
Mut_A	Drug_X	31	0.131849492135019	1
Mut_A	Drug_X	32	0.141194205093462	1
Mut_A	Drug_X	33	0.182229641558913	1
Mut_A	Drug_X	34	0.202138531815264	1
Mut_A	Drug_X	35	0.232354968263842	1
Mut_A	Drug_X	36	0.270259471311735	1
Mut_A	Drug_X	1	0.00115148421907305	2
Mut_A	Drug_X	2	0.00695420336050554	2
Mut_A	Drug_X	3	0	2
Mut_A	Drug_X	4	0.00667386282570795	2
Mut_A	Drug_X	5	0.00122091532259352	2
Mut_A	Drug_X	6	0	2
Mut_A	Drug_X	7	0.011962432690134	2
Mut_A	Drug_X	8	0.00832094017256538	2
Mut_A	Drug_X	9	0.00626536256822454	2
Mut_A	Drug_X	10	0.00664276831658258	2
Mut_A	Drug_X	11	0	2
Mut_A	Drug_X	12	0.00788020608599298	2
Mut_A	Drug_X	13	0.0170487626429495	2
Mut_A	Drug_X	14	0.0117488612782457	2
Mut_A	Drug_X	15	0.00426614941249603	2
Mut_A	Drug_X	16	0.0151596589272597	2
Mut_A	Drug_X	17	0.0292875020152063	2
Mut_A	Drug_X	18	0.0214551995390773	2
Mut_A	Drug_X	19	0.0214546578501168	2
Mut_A	Drug_X	20	0.0354253280847393	2
Mut_A	Drug_X	21	0.0388852976241357	2
Mut_A	Drug_X	22	0.0500864875178541	2
Mut_A	Drug_X	23	0.0683809293890379	2
Mut_A	Drug_X	24	0.0677641237903244	2
Mut_A	Drug_X	25	0.0665064082834908	2
Mut_A	Drug_X	26	0.0845960148004762	2
Mut_A	Drug_X	27	0.0944565068704898	2
Mut_A	Drug_X	28	0.108732958538662	2
Mut_A	Drug_X	29	0.133434832310429	2
Mut_A	Drug_X	30	0.153841980127818	2
Mut_A	Drug_X	31	0.167718614349226	2
Mut_A	Drug_X	32	0.190274630513683	2
Mut_A	Drug_X	33	0.211158632989612	2
Mut_A	Drug_X	34	0.239219808817308	2
Mut_A	Drug_X	35	0.282338445205773	2
Mut_A	Drug_X	36	0.299550365027671	2
Mut_A	Drug_X	1	0	3
Mut_A	Drug_X	2	0.00720644245028573	3
Mut_A	Drug_X	3	0	3
Mut_A	Drug_X	4	0	3
Mut_A	Drug_X	5	0.00423176871615345	3
Mut_A	Drug_X	6	0.0089968913675572	3
Mut_A	Drug_X	7	0.00346668902961661	3
Mut_A	Drug_X	8	0.00191142579989782	3
Mut_A	Drug_X	9	0	3
Mut_A	Drug_X	10	0.013699814876326	3
Mut_A	Drug_X	11	0.0104314794516762	3
Mut_A	Drug_X	12	0.000254400059854844	3
Mut_A	Drug_X	13	0.00801606046057714	3
Mut_A	Drug_X	14	0.012999641639171	3
Mut_A	Drug_X	15	0.00844015468361074	3
Mut_A	Drug_X	16	0.0189018037441883	3
Mut_A	Drug_X	17	0.013800697425722	3
Mut_A	Drug_X	18	0.0235169357264122	3
Mut_A	Drug_X	19	0.0170570682413217	3
Mut_A	Drug_X	20	0.0167775401433389	3
Mut_A	Drug_X	21	0.0400327802766282	3
Mut_A	Drug_X	22	0.0319570004319779	3
Mut_A	Drug_X	23	0.0459426419021189	3
Mut_A	Drug_X	24	0.0569169142796764	3
Mut_A	Drug_X	25	0.0634980431972036	3
Mut_A	Drug_X	26	0.0870646977315085	3
Mut_A	Drug_X	27	0.0879841688067309	3
Mut_A	Drug_X	28	0.104051343787647	3
Mut_A	Drug_X	29	0.117747066146882	3
Mut_A	Drug_X	30	0.132207080565031	3
Mut_A	Drug_X	31	0.150439456095348	3
Mut_A	Drug_X	32	0.168618148824984	3
Mut_A	Drug_X	33	0.190028923052533	3
Mut_A	Drug_X	34	0.216509870211286	3
Mut_A	Drug_X	35	0.255476200197207	3
Mut_A	Drug_X	36	0.28221943287408	3
Mut_A	Drug_X	1	0.00452138684550743	4
Mut_A	Drug_X	2	0.00274219939168294	4
Mut_A	Drug_X	3	0	4
Mut_A	Drug_X	4	0.00460781969056364	4
Mut_A	Drug_X	5	0.00824361606927033	4
Mut_A	Drug_X	6	0	4
Mut_A	Drug_X	7	0	4
Mut_A	Drug_X	8	0	4
Mut_A	Drug_X	9	0.0107847218707541	4
Mut_A	Drug_X	10	0.011944005152687	4
Mut_A	Drug_X	11	0	4
Mut_A	Drug_X	12	0.0150606498732444	4
Mut_A	Drug_X	13	0.0223398926204725	4
Mut_A	Drug_X	14	0.0040475835740648	4
Mut_A	Drug_X	15	0.0140588561079781	4
Mut_A	Drug_X	16	0.00963673268887223	4
Mut_A	Drug_X	17	0.0189337459940692	4
Mut_A	Drug_X	18	0.018634228559397	4
Mut_A	Drug_X	19	0.00745590083553789	4
Mut_A	Drug_X	20	0.0225020224163241	4
Mut_A	Drug_X	21	0.033566459009837	4
Mut_A	Drug_X	22	0.0293114906915615	4
Mut_A	Drug_X	23	0.0394574305535364	4
Mut_A	Drug_X	24	0.0356334747874142	4
Mut_A	Drug_X	25	0.0574198764390535	4
Mut_A	Drug_X	26	0.0633288687109442	4
Mut_A	Drug_X	27	0.0834870427494032	4
Mut_A	Drug_X	28	0.0815751481030112	4
Mut_A	Drug_X	29	0.110087859613861	4
Mut_A	Drug_X	30	0.137597038110713	4
Mut_A	Drug_X	31	0.150370083748508	4
Mut_A	Drug_X	32	0.180097257057873	4
Mut_A	Drug_X	33	0.197480459905679	4
Mut_A	Drug_X	34	0.232371761244847	4
Mut_A	Drug_X	35	0.25274520717323	4
Mut_A	Drug_X	36	0.286760228662395	4
Mut_A	Drug_X	1	0.0172843568847576	5
Mut_A	Drug_X	2	0.0132007158466154	5
Mut_A	Drug_X	3	0.0139727780775384	5
Mut_A	Drug_X	4	0.012583035433396	5
Mut_A	Drug_X	5	0.010730345009138	5
Mut_A	Drug_X	6	0.0203051159827348	5
Mut_A	Drug_X	7	0.0116411140161673	5
Mut_A	Drug_X	8	0.0236212867517469	5
Mut_A	Drug_X	9	0.0254032580564089	5
Mut_A	Drug_X	10	0.0123119339742768	5
Mut_A	Drug_X	11	0.0383156666184899	5
Mut_A	Drug_X	12	0.0360605600637041	5
Mut_A	Drug_X	13	0.0179797922613342	5
Mut_A	Drug_X	14	0.0407572339434226	5
Mut_A	Drug_X	15	0.0466734607609611	5
Mut_A	Drug_X	16	0.0495125920832082	5
Mut_A	Drug_X	17	0.049189158286104	5
Mut_A	Drug_X	18	0.0605134480276594	5
Mut_A	Drug_X	19	0.0571558784760076	5
Mut_A	Drug_X	20	0.0817469711343304	5
Mut_A	Drug_X	21	0.0779256752507292	5
Mut_A	Drug_X	22	0.0834842675796129	5
Mut_A	Drug_X	23	0.116760462622844	5
Mut_A	Drug_X	24	0.119828470405192	5
Mut_A	Drug_X	25	0.128436782709918	5
Mut_A	Drug_X	26	0.142086991943387	5
Mut_A	Drug_X	27	0.149867414190587	5
Mut_A	Drug_X	28	0.171910187130398	5
Mut_A	Drug_X	29	0.194316704780954	5
Mut_A	Drug_X	30	0.195920718936765	5
Mut_A	Drug_X	31	0.222441254714781	5
Mut_A	Drug_X	32	0.242213829676468	5
Mut_A	Drug_X	33	0.251573903744261	5
Mut_A	Drug_X	34	0.285383758903373	5
Mut_A	Drug_X	35	0.306130135999577	5
Mut_A	Drug_X	36	0.329697224075194	5
Mut_A	Drug_X	1	0.00715158176339251	6
Mut_A	Drug_X	2	0	6
Mut_A	Drug_X	3	0.00628001707004877	6
Mut_A	Drug_X	4	0.00221570308799104	6
Mut_A	Drug_X	5	0.00425175720761091	6
Mut_A	Drug_X	6	0.0189618345339731	6
Mut_A	Drug_X	7	0.00779748459594729	6
Mut_A	Drug_X	8	0.0121818811163971	6
Mut_A	Drug_X	9	0.0119914338893212	6
Mut_A	Drug_X	10	0.00141171099763348	6
Mut_A	Drug_X	11	0.0213164878842056	6
Mut_A	Drug_X	12	0.0233106771303245	6
Mut_A	Drug_X	13	0.0259377086081164	6
Mut_A	Drug_X	14	0.0309149738787742	6
Mut_A	Drug_X	15	0.036021630977455	6
Mut_A	Drug_X	16	0.0235808953031366	6
Mut_A	Drug_X	17	0.0467740575061244	6
Mut_A	Drug_X	18	0.0485291120022873	6
Mut_A	Drug_X	19	0.0560273491229382	6
Mut_A	Drug_X	20	0.0531004280613444	6
Mut_A	Drug_X	21	0.0589248494738296	6
Mut_A	Drug_X	22	0.0773394408903768	6
Mut_A	Drug_X	23	0.0788689145283929	6
Mut_A	Drug_X	24	0.0865210993927685	6
Mut_A	Drug_X	25	0.118418055022335	6
Mut_A	Drug_X	26	0.111188707267754	6
Mut_A	Drug_X	27	0.131063873685006	6
Mut_A	Drug_X	28	0.156855646493281	6
Mut_A	Drug_X	29	0.182740520978791	6
Mut_A	Drug_X	30	0.191833449373218	6
Mut_A	Drug_X	31	0.206429023972333	6
Mut_A	Drug_X	32	0.22085224951836	6
Mut_A	Drug_X	33	0.262147341928324	6
Mut_A	Drug_X	34	0.282211595956525	6
Mut_A	Drug_X	35	0.315110681306541	6
Mut_A	Drug_X	36	0.327361443654247	6
Mut_A	Drug_X	1	0.0106153864643776	7
Mut_A	Drug_X	2	0	7
Mut_A	Drug_X	3	0.0031213064945735	7
Mut_A	Drug_X	4	0	7
Mut_A	Drug_X	5	0	7
Mut_A	Drug_X	6	0.0086003974886088	7
Mut_A	Drug_X	7	0.00801584919404185	7
Mut_A	Drug_X	8	0.011733770227879	7
Mut_A	Drug_X	9	0	7
Mut_A	Drug_X	10	0	7
Mut_A	Drug_X	11	0	7
Mut_A	Drug_X	12	0	7
Mut_A	Drug_X	13	0	7
Mut_A	Drug_X	14	0.00803727654744619	7
Mut_A	Drug_X	15	0	7
Mut_A	Drug_X	16	0.0213737547750254	7
Mut_A	Drug_X	17	0.00300912528925624	7
Mut_A	Drug_X	18	0.0148600995036823	7
Mut_A	Drug_X	19	0.00558109650054452	7
Mut_A	Drug_X	20	0.0149171269379063	7
Mut_A	Drug_X	21	0.0197336647427633	7
Mut_A	Drug_X	22	0.0237279804123473	7
Mut_A	Drug_X	23	0.0285813851528554	7
Mut_A	Drug_X	24	0.0350122876783224	7
Mut_A	Drug_X	25	0.0404737334791175	7
Mut_A	Drug_X	26	0.04586268863578	7
Mut_A	Drug_X	27	0.0522955911802028	7
Mut_A	Drug_X	28	0.0648472318068067	7
Mut_A	Drug_X	29	0.0763047829255348	7
Mut_A	Drug_X	30	0.101669792173674	7
Mut_A	Drug_X	31	0.125385444148948	7
Mut_A	Drug_X	32	0.144279176732308	7
Mut_A	Drug_X	33	0.165452257265994	7
Mut_A	Drug_X	34	0.183371780682318	7
Mut_A	Drug_X	35	0.23308447054862	7
Mut_A	Drug_X	36	0.271981589661208	7
Mut_A	Drug_X	1	0	8
Mut_A	Drug_X	2	0	8
Mut_A	Drug_X	3	0.00613840565236424	8
Mut_A	Drug_X	4	0.00181205580881885	8
Mut_A	Drug_X	5	0.0050588723977943	8
Mut_A	Drug_X	6	0.0115579731314456	8
Mut_A	Drug_X	7	0	8
Mut_A	Drug_X	8	0.011650861472517	8
Mut_A	Drug_X	9	0.000210762778691051	8
Mut_A	Drug_X	10	0.00655148121202256	8
Mut_A	Drug_X	11	0.00756324782932882	8
Mut_A	Drug_X	12	0.0152057455455978	8
Mut_A	Drug_X	13	0.00226103814635755	8
Mut_A	Drug_X	14	0.00881402309216666	8
Mut_A	Drug_X	15	0	8
Mut_A	Drug_X	16	0.0182477970272999	8
Mut_A	Drug_X	17	0.0201910604678906	8
Mut_A	Drug_X	18	0.0106468751297948	8
Mut_A	Drug_X	19	0.0344361266148226	8
Mut_A	Drug_X	20	0.017534108443468	8
Mut_A	Drug_X	21	0.0244250934763877	8
Mut_A	Drug_X	22	0.0311997572319485	8
Mut_A	Drug_X	23	0.0534833816742989	8
Mut_A	Drug_X	24	0.0418308225060776	8
Mut_A	Drug_X	25	0.0647879723063208	8
Mut_A	Drug_X	26	0.0669531622494024	8
Mut_A	Drug_X	27	0.0717116097866313	8
Mut_A	Drug_X	28	0.0880086852723532	8
Mut_A	Drug_X	29	0.123790526428489	8
Mut_A	Drug_X	30	0.109945445065102	8
Mut_A	Drug_X	31	0.133593041861151	8
Mut_A	Drug_X	32	0.165466105842127	8
Mut_A	Drug_X	33	0.178873320918162	8
Mut_A	Drug_X	34	0.198736084792144	8
Mut_A	Drug_X	35	0.230946761150336	8
Mut_A	Drug_X	36	0.253603743181314	8
Mut_A	Drug_Z	1	0.00438140125680338	1
Mut_A	Drug_Z	2	0	1
Mut_A	Drug_Z	3	6.84945343492619e-05	1
Mut_A	Drug_Z	4	0	1
Mut_A	Drug_Z	5	0	1
Mut_A	Drug_Z	6	0.00851135925321573	1
Mut_A	Drug_Z	7	0.00519584892908573	1
Mut_A	Drug_Z	8	0.00591647695065962	1
Mut_A	Drug_Z	9	0.00223521839477672	1
Mut_A	Drug_Z	10	0	1
Mut_A	Drug_Z	11	0.00100495968904204	1
Mut_A	Drug_Z	12	0	1
Mut_A	Drug_Z	13	0.0062176972428145	1
Mut_A	Drug_Z	14	0.00196868588399957	1
Mut_A	Drug_Z	15	0.00967443898191787	1
Mut_A	Drug_Z	16	0	1
Mut_A	Drug_Z	17	0	1
Mut_A	Drug_Z	18	0.000356588987223491	1
Mut_A	Drug_Z	19	0	1
Mut_A	Drug_Z	20	0.00592679912855516	1
Mut_A	Drug_Z	21	0.00706383425436187	1
Mut_A	Drug_Z	22	0.0103561923451514	1
Mut_A	Drug_Z	23	0.0129286657870909	1
Mut_A	Drug_Z	24	0.0085791297988074	1
Mut_A	Drug_Z	25	0.00408879199395769	1
Mut_A	Drug_Z	26	0.0157669626103141	1
Mut_A	Drug_Z	27	0.0223942365726277	1
Mut_A	Drug_Z	28	0.0172796005091738	1
Mut_A	Drug_Z	29	0.0459154284366617	1
Mut_A	Drug_Z	30	0.0218734294593227	1
Mut_A	Drug_Z	31	0.039238525915128	1
Mut_A	Drug_Z	32	0.0432356549110716	1
Mut_A	Drug_Z	33	0.0399882816286688	1
Mut_A	Drug_Z	34	0.0719775141429266	1
Mut_A	Drug_Z	35	0.0606841593592834	1
Mut_A	Drug_Z	36	0.0803683684056289	1
Mut_A	Drug_Z	1	0.00838230710646793	2
Mut_A	Drug_Z	2	0.00325896644414889	2
Mut_A	Drug_Z	3	0.00408687850314173	2
Mut_A	Drug_Z	4	0	2
Mut_A	Drug_Z	5	0.0085011629817186	2
Mut_A	Drug_Z	6	0.00696896693518021	2
Mut_A	Drug_Z	7	0.00705884109321151	2
Mut_A	Drug_Z	8	0	2
Mut_A	Drug_Z	9	0	2
Mut_A	Drug_Z	10	0	2
Mut_A	Drug_Z	11	0	2
Mut_A	Drug_Z	12	0.00843186052053329	2
Mut_A	Drug_Z	13	0.00937569682931173	2
Mut_A	Drug_Z	14	0	2
Mut_A	Drug_Z	15	0.00667729570329868	2
Mut_A	Drug_Z	16	0	2
Mut_A	Drug_Z	17	0.0144867334057967	2
Mut_A	Drug_Z	18	0.0069390485210035	2
Mut_A	Drug_Z	19	0	2
Mut_A	Drug_Z	20	0.0108477254821046	2
Mut_A	Drug_Z	21	0.00238010026815215	2
Mut_A	Drug_Z	22	0.0102586934703268	2
Mut_A	Drug_Z	23	0.00877313815754805	2
Mut_A	Drug_Z	24	0.0260911617600935	2
Mut_A	Drug_Z	25	0.0334439620922067	2
Mut_A	Drug_Z	26	0.0288765921918018	2
Mut_A	Drug_Z	27	0.0141198487519237	2
Mut_A	Drug_Z	28	0.0298616424378755	2
Mut_A	Drug_Z	29	0.0266782686492645	2
Mut_A	Drug_Z	30	0.0300143330842393	2
Mut_A	Drug_Z	31	0.0311957316400673	2
Mut_A	Drug_Z	32	0.0492694089120119	2
Mut_A	Drug_Z	33	0.0558265853179957	2
Mut_A	Drug_Z	34	0.0638492925764211	2
Mut_A	Drug_Z	35	0.0741006309579166	2
Mut_A	Drug_Z	36	0.0781506153657953	2
Mut_A	Drug_Z	1	0.00246962340496993	3
Mut_A	Drug_Z	2	0.00563199537742093	3
Mut_A	Drug_Z	3	0	3
Mut_A	Drug_Z	4	0	3
Mut_A	Drug_Z	5	0	3
Mut_A	Drug_Z	6	0	3
Mut_A	Drug_Z	7	0.0034481209248939	3
Mut_A	Drug_Z	8	0.00435870763993421	3
Mut_A	Drug_Z	9	0.00268564496482212	3
Mut_A	Drug_Z	10	0	3
Mut_A	Drug_Z	11	0.00963721098153682	3
Mut_A	Drug_Z	12	0.00768503589396974	3
Mut_A	Drug_Z	13	0.000694355439737679	3
Mut_A	Drug_Z	14	0.0128373721924747	3
Mut_A	Drug_Z	15	0.00512800005125593	3
Mut_A	Drug_Z	16	0.000246066159534679	3
Mut_A	Drug_Z	17	0.00636588294372633	3
Mut_A	Drug_Z	18	0	3
Mut_A	Drug_Z	19	0	3
Mut_A	Drug_Z	20	0	3
Mut_A	Drug_Z	21	0.0193466577142478	3
Mut_A	Drug_Z	22	0.0181135804947858	3
Mut_A	Drug_Z	23	0.0227090492558341	3
Mut_A	Drug_Z	24	0.00804893901149755	3
Mut_A	Drug_Z	25	0.0122241992690507	3
Mut_A	Drug_Z	26	0.0229815475128897	3
Mut_A	Drug_Z	27	0.0159262255690823	3
Mut_A	Drug_Z	28	0.019486512052068	3
Mut_A	Drug_Z	29	0.015785240617929	3
Mut_A	Drug_Z	30	0.036728269706695	3
Mut_A	Drug_Z	31	0.0464901470334894	3
Mut_A	Drug_Z	32	0.0400996836721445	3
Mut_A	Drug_Z	33	0.0377509710342465	3
Mut_A	Drug_Z	34	0.0616135007952741	3
Mut_A	Drug_Z	35	0.0605015173072497	3
Mut_A	Drug_Z	36	0.0660478482506349	3
Mut_A	Drug_Z	1	0.000949974755538962	4
Mut_A	Drug_Z	2	0	4
Mut_A	Drug_Z	3	0	4
Mut_A	Drug_Z	4	0.00793989463420739	4
Mut_A	Drug_Z	5	0	4
Mut_A	Drug_Z	6	0	4
Mut_A	Drug_Z	7	0	4
Mut_A	Drug_Z	8	0.00276991514092697	4
Mut_A	Drug_Z	9	0	4
Mut_A	Drug_Z	10	0.00205410048382478	4
Mut_A	Drug_Z	11	0	4
Mut_A	Drug_Z	12	0	4
Mut_A	Drug_Z	13	0	4
Mut_A	Drug_Z	14	0.011320963074404	4
Mut_A	Drug_Z	15	0	4
Mut_A	Drug_Z	16	0.00976287381281532	4
Mut_A	Drug_Z	17	0	4
Mut_A	Drug_Z	18	0.00677905216613892	4
Mut_A	Drug_Z	19	0.00407893182509411	4
Mut_A	Drug_Z	20	0	4
Mut_A	Drug_Z	21	0.00736908808291017	4
Mut_A	Drug_Z	22	0	4
Mut_A	Drug_Z	23	0.00842304725736651	4
Mut_A	Drug_Z	24	0.0150397196521634	4
Mut_A	Drug_Z	25	0.00571161491510596	4
Mut_A	Drug_Z	26	0.0115094128510059	4
Mut_A	Drug_Z	27	0.0180548437496793	4
Mut_A	Drug_Z	28	0.0241422441923221	4
Mut_A	Drug_Z	29	0.0256157560201648	4
Mut_A	Drug_Z	30	0.0280003946961605	4
Mut_A	Drug_Z	31	0.0417769022389195	4
Mut_A	Drug_Z	32	0.0319365307187016	4
Mut_A	Drug_Z	33	0.0481505291557769	4
Mut_A	Drug_Z	34	0.0645667616465858	4
Mut_A	Drug_Z	35	0.0612661628856593	4
Mut_A	Drug_Z	36	0.0722809059881026	4
Mut_A	Drug_Z	1	0.00575009479481399	5
Mut_A	Drug_Z	2	0	5
Mut_A	Drug_Z	3	0.00106765100396123	5
Mut_A	Drug_Z	4	0.00245634275036774	5
Mut_A	Drug_Z	5	0.00995956631264678	5
Mut_A	Drug_Z	6	0.000967488584771525	5
Mut_A	Drug_Z	7	0	5
Mut_A	Drug_Z	8	0.011943600748907	5
Mut_A	Drug_Z	9	0.00871303581538489	5
Mut_A	Drug_Z	10	0.00114082717022886	5
Mut_A	Drug_Z	11	0.0129866193087229	5
Mut_A	Drug_Z	12	0.0107196436856595	5
Mut_A	Drug_Z	13	0.0147056391773076	5
Mut_A	Drug_Z	14	0.00515341034022828	5
Mut_A	Drug_Z	15	0.000872146903292969	5
Mut_A	Drug_Z	16	0.0105016001125462	5
Mut_A	Drug_Z	17	0.0162133339654753	5
Mut_A	Drug_Z	18	0.0100129619409298	5
Mut_A	Drug_Z	19	0.0130581910663037	5
Mut_A	Drug_Z	20	0.0171926953951476	5
Mut_A	Drug_Z	21	0.017539197960032	5
Mut_A	Drug_Z	22	0.033982105177881	5
Mut_A	Drug_Z	23	0.0178589522982785	5
Mut_A	Drug_Z	24	0.0403574321755782	5
Mut_A	Drug_Z	25	0.0369027917599573	5
Mut_A	Drug_Z	26	0.0286388730830154	5
Mut_A	Drug_Z	27	0.044359865743587	5
Mut_A	Drug_Z	28	0.0440682423913263	5
Mut_A	Drug_Z	29	0.0427364365672242	5
Mut_A	Drug_Z	30	0.0443980796408309	5
Mut_A	Drug_Z	31	0.0635863370647041	5
Mut_A	Drug_Z	32	0.0617255068725979	5
Mut_A	Drug_Z	33	0.0713615126805143	5
Mut_A	Drug_Z	34	0.0733829248090597	5
Mut_A	Drug_Z	35	0.0897509225302567	5
Mut_A	Drug_Z	36	0.0903003779971324	5
Mut_A	Drug_Z	1	0.00627300017522374	6
Mut_A	Drug_Z	2	0	6
Mut_A	Drug_Z	3	0	6
Mut_A	Drug_Z	4	0	6
Mut_A	Drug_Z	5	0.000582085047268481	6
Mut_A	Drug_Z	6	0	6
Mut_A	Drug_Z	7	0.0081821998574998	6
Mut_A	Drug_Z	8	0.00705875706018717	6
Mut_A	Drug_Z	9	0.00644168640024972	6
Mut_A	Drug_Z	10	0.000524493458884702	6
Mut_A	Drug_Z	11	0.00383867535876018	6
Mut_A	Drug_Z	12	0.00896881714366737	6
Mut_A	Drug_Z	13	0.00209730758488	6
Mut_A	Drug_Z	14	0.00701346321936444	6
Mut_A	Drug_Z	15	0.0102927308215752	6
Mut_A	Drug_Z	16	0.0110765771799565	6
Mut_A	Drug_Z	17	0.00411487256228386	6
Mut_A	Drug_Z	18	0.0161085887764595	6
Mut_A	Drug_Z	19	0.0226144791962902	6
Mut_A	Drug_Z	20	0.0125565387583278	6
Mut_A	Drug_Z	21	0.0156068716766117	6
Mut_A	Drug_Z	22	0.0205979446038553	6
Mut_A	Drug_Z	23	0.0239759611220622	6
Mut_A	Drug_Z	24	0.0241673011820105	6
Mut_A	Drug_Z	25	0.0292741678791983	6
Mut_A	Drug_Z	26	0.0271083285279144	6
Mut_A	Drug_Z	27	0.0363583504800788	6
Mut_A	Drug_Z	28	0.0261911067420115	6
Mut_A	Drug_Z	29	0.0570720450823688	6
Mut_A	Drug_Z	30	0.0652875092736048	6
Mut_A	Drug_Z	31	0.0434318719515825	6
Mut_A	Drug_Z	32	0.057634661573379	6
Mut_A	Drug_Z	33	0.0637165414004891	6
Mut_A	Drug_Z	34	0.072218149642511	6
Mut_A	Drug_Z	35	0.0747070107587912	6
Mut_A	Drug_Z	36	0.0891320881013423	6
Mut_A	Drug_Z	1	0.00287346167393858	7
Mut_A	Drug_Z	2	0	7
Mut_A	Drug_Z	3	0.00724253451484645	7
Mut_A	Drug_Z	4	0.00268520011711763	7
Mut_A	Drug_Z	5	0	7
Mut_A	Drug_Z	6	0	7
Mut_A	Drug_Z	7	0	7
Mut_A	Drug_Z	8	0.00321215637621998	7
Mut_A	Drug_Z	9	0	7
Mut_A	Drug_Z	10	0	7
Mut_A	Drug_Z	11	0	7
Mut_A	Drug_Z	12	0	7
Mut_A	Drug_Z	13	0	7
Mut_A	Drug_Z	14	0	7
Mut_A	Drug_Z	15	0.00652527610738496	7
Mut_A	Drug_Z	16	0.0127528943242944	7
Mut_A	Drug_Z	17	0.00708155314093612	7
Mut_A	Drug_Z	18	0.0142905860069145	7
Mut_A	Drug_Z	19	0.00599533497817698	7
Mut_A	Drug_Z	20	0.00326525291421312	7
Mut_A	Drug_Z	21	0	7
Mut_A	Drug_Z	22	0.010687199936893	7
Mut_A	Drug_Z	23	0.00864598938272502	7
Mut_A	Drug_Z	24	0.0117330404391899	7
Mut_A	Drug_Z	25	0.00482853301724462	7
Mut_A	Drug_Z	26	0.0283261151129517	7
Mut_A	Drug_Z	27	0.012380851759697	7
Mut_A	Drug_Z	28	0.014027645803701	7
Mut_A	Drug_Z	29	0.0214597732324803	7
Mut_A	Drug_Z	30	0.0304077199158121	7
Mut_A	Drug_Z	31	0.0191945293180851	7
Mut_A	Drug_Z	32	0.0253772001976893	7
Mut_A	Drug_Z	33	0.0375132775321553	7
Mut_A	Drug_Z	34	0.044301216666684	7
Mut_A	Drug_Z	35	0.0478237559542003	7
Mut_A	Drug_Z	36	0.0547350917255869	7
Mut_A	Drug_Z	1	0.00976309541237848	8
Mut_A	Drug_Z	2	0.00522577996186025	8
Mut_A	Drug_Z	3	0.0148661615991658	8
Mut_A	Drug_Z	4	0.0121206948135115	8
Mut_A	Drug_Z	5	0	8
Mut_A	Drug_Z	6	0	8
Mut_A	Drug_Z	7	0.00459207535834792	8
Mut_A	Drug_Z	8	0	8
Mut_A	Drug_Z	9	0.0062872824558751	8
Mut_A	Drug_Z	10	0.00371023109121313	8
Mut_A	Drug_Z	11	0	8
Mut_A	Drug_Z	12	0.0079614457001003	8
Mut_A	Drug_Z	13	0.00510510925697573	8
Mut_A	Drug_Z	14	0.000363182459216463	8
Mut_A	Drug_Z	15	0	8
Mut_A	Drug_Z	16	0.001131666009853	8
Mut_A	Drug_Z	17	0.00294011124882572	8
Mut_A	Drug_Z	18	0.00668023955561738	8
Mut_A	Drug_Z	19	0.0151999129042041	8
Mut_A	Drug_Z	20	0.00932004372409158	8
Mut_A	Drug_Z	21	0.00597142810255202	8
Mut_A	Drug_Z	22	0.00418952810239888	8
Mut_A	Drug_Z	23	0.00939686588215092	8
Mut_A	Drug_Z	24	0.0186378303129319	8
Mut_A	Drug_Z	25	0.0193327987196257	8
Mut_A	Drug_Z	26	0.0164264257539842	8
Mut_A	Drug_Z	27	0.0167605388624346	8
Mut_A	Drug_Z	28	0.0234696691749239	8
Mut_A	Drug_Z	29	0.0339123402886006	8
Mut_A	Drug_Z	30	0.0297682826541369	8
Mut_A	Drug_Z	31	0.0455269648921644	8
Mut_A	Drug_Z	32	0.0456022943083983	8
Mut_A	Drug_Z	33	0.0406517370935413	8
Mut_A	Drug_Z	34	0.0534924973316037	8
Mut_A	Drug_Z	35	0.0601623945201958	8
Mut_A	Drug_Z	36	0.0732929754555778	8
Mut_A	None	1	0	1
Mut_A	None	2	0.0087790392155671	1
Mut_A	None	3	0	1
Mut_A	None	4	0.00667129802024517	1
Mut_A	None	5	0	1
Mut_A	None	6	0	1
Mut_A	None	7	0.000759523676530641	1
Mut_A	None	8	0.00154398897551342	1
Mut_A	None	9	0.00299601001232282	1
Mut_A	None	10	0.00909263718090417	1
Mut_A	None	11	0.00429397715561101	1
Mut_A	None	12	0.005470047893253	1
Mut_A	None	13	0.00348307999584938	1
Mut_A	None	14	0.0110071844369849	1
Mut_A	None	15	0.00233423006948438	1
Mut_A	None	16	0.00908883891039447	1
Mut_A	None	17	0.0101897805650775	1
Mut_A	None	18	0.0219358010890709	1
Mut_A	None	19	0.01879832608492	1
Mut_A	None	20	0.0156032187667416	1
Mut_A	None	21	0.019926444733541	1
Mut_A	None	22	0.0348175717888603	1
Mut_A	None	23	0.0415166578346853	1
Mut_A	None	24	0.0505190675565869	1
Mut_A	None	25	0.0585716454641616	1
Mut_A	None	26	0.0681483783383681	1
Mut_A	None	27	0.0875909287210768	1
Mut_A	None	28	0.110263645674925	1
Mut_A	None	29	0.120491042728004	1
Mut_A	None	30	0.141832605511036	1
Mut_A	None	31	0.183026120983027	1
Mut_A	None	32	0.202502047547369	1
Mut_A	None	33	0.246942401832344	1
Mut_A	None	34	0.28434465615422	1
Mut_A	None	35	0.321921555801036	1
Mut_A	None	36	0.367624985762917	1
Mut_A	None	1	0.00170598099261683	2
Mut_A	None	2	0.00548654856573936	2
Mut_A	None	3	0.0111997226540781	2
Mut_A	None	4	0	2
Mut_A	None	5	0	2
Mut_A	None	6	0.0103507231684571	2
Mut_A	None	7	0.00604582199233316	2
Mut_A	None	8	0.011230411442809	2
Mut_A	None	9	0.00193993392905303	2
Mut_A	None	10	0.00529627401947462	2
Mut_A	None	11	0.0149069582045723	2
Mut_A	None	12	0.0227353161670763	2
Mut_A	None	13	0.025962002187534	2
Mut_A	None	14	0.0194547575547538	2
Mut_A	None	15	0.0112017327518934	2
Mut_A	None	16	0.0294740687287401	2
Mut_A	None	17	0.0231569481508943	2
Mut_A	None	18	0.0262007011423232	2
Mut_A	None	19	0.0270006303189383	2
Mut_A	None	20	0.037973790156606	2
Mut_A	None	21	0.0546156118406828	2
Mut_A	None	22	0.0506529052919312	2
Mut_A	None	23	0.0611193279650473	2
Mut_A	None	24	0.0830346108809963	2
Mut_A	None	25	0.0906017847152248	2
Mut_A	None	26	0.112930490747957	2
Mut_A	None	27	0.120657477218636	2
Mut_A	None	28	0.136756007275667	2
Mut_A	None	29	0.155198942660383	2
Mut_A	None	30	0.179208763208306	2
Mut_A	None	31	0.199489933760868	2
Mut_A	None	32	0.235719586097331	2
Mut_A	None	33	0.264018154898251	2
Mut_A	None	34	0.288174311352509	2
Mut_A	None	35	0.321731657637074	2
Mut_A	None	36	0.357447999073251	2
Mut_A	None	1	0.000776732939753824	3
Mut_A	None	2	0	3
Mut_A	None	3	0	3
Mut_A	None	4	0	3
Mut_A	None	5	0.00619143960019517	3
Mut_A	None	6	0	3
Mut_A	None	7	8.1764323865768e-05	3
Mut_A	None	8	0.0115467407488898	3
Mut_A	None	9	0	3
Mut_A	None	10	0.0097543957980612	3
Mut_A	None	11	0.011830630679239	3
Mut_A	None	12	0.0038275613962821	3
Mut_A	None	13	0.0168935009175636	3
Mut_A	None	14	0.00549799114552434	3
Mut_A	None	15	0.0262129708026769	3
Mut_A	None	16	0.019245369770097	3
Mut_A	None	17	0.014043180513587	3
Mut_A	None	18	0.0249497523851868	3
Mut_A	None	19	0.0336940179828132	3
Mut_A	None	20	0.0447119718045011	3
Mut_A	None	21	0.0321767796531794	3
Mut_A	None	22	0.0340556320482813	3
Mut_A	None	23	0.0431990747977093	3
Mut_A	None	24	0.0620923330440785	3
Mut_A	None	25	0.0616173266969731	3
Mut_A	None	26	0.0799854606848867	3
Mut_A	None	27	0.0876349198701049	3
Mut_A	None	28	0.121956162208872	3
Mut_A	None	29	0.129840034568261	3
Mut_A	None	30	0.146772055544869	3
Mut_A	None	31	0.167022296846365	3
Mut_A	None	32	0.204608983400537	3
Mut_A	None	33	0.239598406584388	3
Mut_A	None	34	0.255910417675119	3
Mut_A	None	35	0.289165099694296	3
Mut_A	None	36	0.322796523711577	3
Mut_A	None	1	0.00459666178158386	4
Mut_A	None	2	0.00247828498608079	4
Mut_A	None	3	0.00878338986108303	4
Mut_A	None	4	0	4
Mut_A	None	5	0.000785217227697978	4
Mut_A	None	6	0	4
Mut_A	None	7	0.00909187462662696	4
Mut_A	None	8	0.0015118653564945	4
Mut_A	None	9	0.00949465523406104	4
Mut_A	None	10	0.0036286578965964	4
Mut_A	None	11	0.00877208547005672	4
Mut_A	None	12	0.0130787626703345	4
Mut_A	None	13	0.00314668215066396	4
Mut_A	None	14	0.0191751074215991	4
Mut_A	None	15	0.0149971026602097	4
Mut_A	None	16	0.00669397157414329	4
Mut_A	None	17	0.010046733663463	4
Mut_A	None	18	0.0179751080052501	4
Mut_A	None	19	0.0239674430995447	4
Mut_A	None	20	0.0344633979135202	4
Mut_A	None	21	0.049597979256134	4
Mut_A	None	22	0.0461185593128329	4
Mut_A	None	23	0.0609192935106514	4
Mut_A	None	24	0.0492989672652063	4
Mut_A	None	25	0.0726045436340353	4
Mut_A	None	26	0.0815692713951995	4
Mut_A	None	27	0.0943480488386336	4
Mut_A	None	28	0.114247597179626	4
Mut_A	None	29	0.137472436703528	4
Mut_A	None	30	0.165352167405025	4
Mut_A	None	31	0.177037711777451	4
Mut_A	None	32	0.211250732928908	4
Mut_A	None	33	0.2510628853341	4
Mut_A	None	34	0.270846174585959	4
Mut_A	None	35	0.32955733746576	4
Mut_A	None	36	0.373807958591664	4
Mut_A	None	1	0.0066384707842234	5
Mut_A	None	2	0.0126569993038957	5
Mut_A	None	3	0.0166340410699675	5
Mut_A	None	4	0.0145732897411797	5
Mut_A	None	5	0.0183801617894311	5
Mut_A	None	6	0.0227572339731151	5
Mut_A	None	7	0.0163365239760723	5
Mut_A	None	8	0.0223165758625854	5
Mut_A	None	9	0.0301373943330624	5
Mut_A	None	10	0.0279782593944159	5
Mut_A	None	11	0.0429884465909672	5
Mut_A	None	12	0.0406226806970598	5
Mut_A	None	13	0.0502789089847278	5
Mut_A	None	14	0.0396647203334889	5
Mut_A	None	15	0.0686020551849008	5
Mut_A	None	16	0.0604974918108211	5
Mut_A	None	17	0.0686578564496046	5
Mut_A	None	18	0.0765074078085924	5
Mut_A	None	19	0.092063534001791	5
Mut_A	None	20	0.0942704080289325	5
Mut_A	None	21	0.114941500826027	5
Mut_A	None	22	0.135137364394458	5
Mut_A	None	23	0.148543019177582	5
Mut_A	None	24	0.158533689294168	5
Mut_A	None	25	0.179713133562361	5
Mut_A	None	26	0.188795059972518	5
Mut_A	None	27	0.213956789044081	5
Mut_A	None	28	0.237927965073494	5
Mut_A	None	29	0.261164927788392	5
Mut_A	None	30	0.293057855399039	5
Mut_A	None	31	0.309549165311524	5
Mut_A	None	32	0.347196827765138	5
Mut_A	None	33	0.364370232063121	5
Mut_A	None	34	0.397291463162374	5
Mut_A	None	35	0.422052264206156	5
Mut_A	None	36	0.452356944427162	5
Mut_A	None	1	0	6
Mut_A	None	2	0.00609510563716504	6
Mut_A	None	3	0.00906745369549668	6
Mut_A	None	4	0.022829928683925	6
Mut_A	None	5	0.0153388370437735	6
Mut_A	None	6	0.0124343749314156	6
Mut_A	None	7	0.0140450775589019	6
Mut_A	None	8	0.0120740706972687	6
Mut_A	None	9	0.0185474264731347	6
Mut_A	None	10	0.0210274126960903	6
Mut_A	None	11	0.0260293354313251	6
Mut_A	None	12	0.0268466516815144	6
Mut_A	None	13	0.0300911076097745	6
Mut_A	None	14	0.0338478245577619	6
Mut_A	None	15	0.0289165439505248	6
Mut_A	None	16	0.0540874161200968	6
Mut_A	None	17	0.0528768537145652	6
Mut_A	None	18	0.0530722436353291	6
Mut_A	None	19	0.0658094338873739	6
Mut_A	None	20	0.0773675730465892	6
Mut_A	None	21	0.0848862435566133	6
Mut_A	None	22	0.0976302855748328	6
Mut_A	None	23	0.114436377877033	6
Mut_A	None	24	0.111181757840764	6
Mut_A	None	25	0.141720414687338	6
Mut_A	None	26	0.164948588584572	6
Mut_A	None	27	0.183850026246316	6
Mut_A	None	28	0.197245766245949	6
Mut_A	None	29	0.215837532632694	6
Mut_A	None	30	0.238403341506135	6
Mut_A	None	31	0.274919787175346	6
Mut_A	None	32	0.324584523338162	6
Mut_A	None	33	0.334515954308054	6
Mut_A	None	34	0.368602846885832	6
Mut_A	None	35	0.399272047883503	6
Mut_A	None	36	0.425332544932062	6
Mut_A	None	1	0	7
Mut_A	None	2	0.00925235409243569	7
Mut_A	None	3	0	7
Mut_A	None	4	0	7
Mut_A	None	5	0.00979599298191472	7
Mut_A	None	6	0.00770571446723676	7
Mut_A	None	7	0.00415227254476156	7
Mut_A	None	8	7.5063084153187e-05	7
Mut_A	None	9	0.0119122225091101	7
Mut_A	None	10	0	7
Mut_A	None	11	0	7
Mut_A	None	12	0.00621257065023653	7
Mut_A	None	13	0	7
Mut_A	None	14	0.0151170417253988	7
Mut_A	None	15	0.00222684720985066	7
Mut_A	None	16	0.0115443645444081	7
Mut_A	None	17	0	7
Mut_A	None	18	0.00493858649795665	7
Mut_A	None	19	0.00365707915545496	7
Mut_A	None	20	0.0104195831159702	7
Mut_A	None	21	0.00678900764186734	7
Mut_A	None	22	0.0114984329234513	7
Mut_A	None	23	0.0232408172570839	7
Mut_A	None	24	0.0258358870313741	7
Mut_A	None	25	0.0370871443152284	7
Mut_A	None	26	0.0460549140066593	7
Mut_A	None	27	0.0735107573890795	7
Mut_A	None	28	0.0780773417723737	7
Mut_A	None	29	0.0873514246048499	7
Mut_A	None	30	0.0990152244672847	7
Mut_A	None	31	0.130129152485658	7
Mut_A	None	32	0.127635123744756	7
Mut_A	None	33	0.184431004161576	7
Mut_A	None	34	0.212203260539472	7
Mut_A	None	35	0.234543421633693	7
Mut_A	None	36	0.274033317328298	7
Mut_A	None	1	0.00215353178655317	8
Mut_A	None	2	0.00470195300735024	8
Mut_A	None	3	0	8
Mut_A	None	4	0.00460741532560923	8
Mut_A	None	5	0.00743489070573035	8
Mut_A	None	6	0.00984788874438553	8
Mut_A	None	7	0.0100547675267163	8
Mut_A	None	8	0.000863237228547576	8
Mut_A	None	9	0	8
Mut_A	None	10	0	8
Mut_A	None	11	0.00842542150245587	8
Mut_A	None	12	0.00556221998653655	8
Mut_A	None	13	0.00461698037898762	8
Mut_A	None	14	0.00639894307261885	8
Mut_A	None	15	0.0188949086763328	8
Mut_A	None	16	0.00963496725080379	8
Mut_A	None	17	0.0158798147223166	8
Mut_A	None	18	0.0237460066601303	8
Mut_A	None	19	0.0307810071771445	8
Mut_A	None	20	0.0336062018702891	8
Mut_A	None	21	0.0405414600012512	8
Mut_A	None	22	0.0510109672623855	8
Mut_A	None	23	0.0616613261767209	8
Mut_A	None	24	0.0533260716101175	8
Mut_A	None	25	0.0759050684164939	8
Mut_A	None	26	0.0890551873857207	8
Mut_A	None	27	0.097603141992162	8
Mut_A	None	28	0.125648738533001	8
Mut_A	None	29	0.143860570752131	8
Mut_A	None	30	0.15897692998533	8
Mut_A	None	31	0.193140696097176	8
Mut_A	None	32	0.220067418969369	8
Mut_A	None	33	0.252257167632058	8
Mut_A	None	34	0.288475859097705	8
Mut_A	None	35	0.325059328811034	8
Mut_A	None	36	0.368156497596812	8
Mut_B	Drug_X	1	0	1
Mut_B	Drug_X	2	0.000604511962556387	1
Mut_B	Drug_X	3	0	1
Mut_B	Drug_X	4	0	1
Mut_B	Drug_X	5	0	1
Mut_B	Drug_X	6	0.00243127993015692	1
Mut_B	Drug_X	7	0.00310188296762623	1
Mut_B	Drug_X	8	0.0029958071653332	1
Mut_B	Drug_X	9	0.00874603901547696	1
Mut_B	Drug_X	10	0	1
Mut_B	Drug_X	11	0.00370548270867111	1
Mut_B	Drug_X	12	0	1
Mut_B	Drug_X	13	0.00761708712756954	1
Mut_B	Drug_X	14	0	1
Mut_B	Drug_X	15	0	1
Mut_B	Drug_X	16	0	1
Mut_B	Drug_X	17	0	1
Mut_B	Drug_X	18	0.0161203722819735	1
Mut_B	Drug_X	19	0	1
Mut_B	Drug_X	20	0.0121627984955738	1
Mut_B	Drug_X	21	0	1
Mut_B	Drug_X	22	0	1
Mut_B	Drug_X	23	0	1
Mut_B	Drug_X	24	0.0018515687015511	1
Mut_B	Drug_X	25	0	1
Mut_B	Drug_X	26	0	1
Mut_B	Drug_X	27	0.000841593574506944	1
Mut_B	Drug_X	28	0.0110286981204288	1
Mut_B	Drug_X	29	0.00702362766495876	1
Mut_B	Drug_X	30	0	1
Mut_B	Drug_X	31	0	1
Mut_B	Drug_X	32	0.00190853251274379	1
Mut_B	Drug_X	33	0	1
Mut_B	Drug_X	34	0.00399482646854764	1
Mut_B	Drug_X	35	0.000380258575034263	1
Mut_B	Drug_X	36	0	1
Mut_B	Drug_X	1	0.00155552695814399	2
Mut_B	Drug_X	2	0	2
Mut_B	Drug_X	3	0	2
Mut_B	Drug_X	4	0.00331996682143554	2
Mut_B	Drug_X	5	0	2
Mut_B	Drug_X	6	0.00597894380467684	2
Mut_B	Drug_X	7	0	2
Mut_B	Drug_X	8	0.000928712692314601	2
Mut_B	Drug_X	9	0.00121918985870459	2
Mut_B	Drug_X	10	0.00541460358719931	2
Mut_B	Drug_X	11	0.0018235628061333	2
Mut_B	Drug_X	12	0	2
Mut_B	Drug_X	13	0.00494396782411445	2
Mut_B	Drug_X	14	0	2
Mut_B	Drug_X	15	0.00135487813340141	2
Mut_B	Drug_X	16	0	2
Mut_B	Drug_X	17	0.0112897653794747	2
Mut_B	Drug_X	18	0	2
Mut_B	Drug_X	19	0.00122557844560991	2
Mut_B	Drug_X	20	0	2
Mut_B	Drug_X	21	0.00988417018458295	2
Mut_B	Drug_X	22	0.000799461811020122	2
Mut_B	Drug_X	23	0	2
Mut_B	Drug_X	24	0.00368711866791136	2
Mut_B	Drug_X	25	0	2
Mut_B	Drug_X	26	0	2
Mut_B	Drug_X	27	0.00644609487987758	2
Mut_B	Drug_X	28	0.00304659388776748	2
Mut_B	Drug_X	29	0.000650689383221041	2
Mut_B	Drug_X	30	0.00111091031067151	2
Mut_B	Drug_X	31	0	2
Mut_B	Drug_X	32	0	2
Mut_B	Drug_X	33	0.00322513678789	2
Mut_B	Drug_X	34	0	2
Mut_B	Drug_X	35	0.00684035229335615	2
Mut_B	Drug_X	36	0	2
Mut_B	Drug_X	1	0	3
Mut_B	Drug_X	2	0.00168588004792141	3
Mut_B	Drug_X	3	0	3
Mut_B	Drug_X	4	0.00492755227149405	3
Mut_B	Drug_X	5	0	3
Mut_B	Drug_X	6	0	3
Mut_B	Drug_X	7	0.000513342717198715	3
Mut_B	Drug_X	8	0	3
Mut_B	Drug_X	9	0	3
Mut_B	Drug_X	10	0.000642502493665476	3
Mut_B	Drug_X	11	0.0147288592994804	3
Mut_B	Drug_X	12	0	3
Mut_B	Drug_X	13	0	3
Mut_B	Drug_X	14	0.000195005286390071	3
Mut_B	Drug_X	15	0	3
Mut_B	Drug_X	16	0.0147474642275409	3
Mut_B	Drug_X	17	0	3
Mut_B	Drug_X	18	0.00832995711277597	3
Mut_B	Drug_X	19	0.000957882879034828	3
Mut_B	Drug_X	20	0.000115502538392412	3
Mut_B	Drug_X	21	0	3
Mut_B	Drug_X	22	0.000483897187193674	3
Mut_B	Drug_X	23	0	3
Mut_B	Drug_X	24	1.39625132199178e-05	3
Mut_B	Drug_X	25	0.00376330087167392	3
Mut_B	Drug_X	26	0.000962435953305821	3
Mut_B	Drug_X	27	0.00566824980376376	3
Mut_B	Drug_X	28	0	3
Mut_B	Drug_X	29	0	3
Mut_B	Drug_X	30	0.00468412525297384	3
Mut_B	Drug_X	31	0	3
Mut_B	Drug_X	32	0	3
Mut_B	Drug_X	33	0	3
Mut_B	Drug_X	34	0.0139113671755384	3
Mut_B	Drug_X	35	0.0035157734417977	3
Mut_B	Drug_X	36	0.00509850149807202	3
Mut_B	Drug_X	1	0.0015595696773485	4
Mut_B	Drug_X	2	0.00417591839748575	4
Mut_B	Drug_X	3	0	4
Mut_B	Drug_X	4	0.00319520390121987	4
Mut_B	Drug_X	5	0.0031543182734801	4
Mut_B	Drug_X	6	0	4
Mut_B	Drug_X	7	0	4
Mut_B	Drug_X	8	0.00848955401424086	4
Mut_B	Drug_X	9	0.00370039371559439	4
Mut_B	Drug_X	10	0.0102885877411693	4
Mut_B	Drug_X	11	0	4
Mut_B	Drug_X	12	0	4
Mut_B	Drug_X	13	0.00135305027435616	4
Mut_B	Drug_X	14	0	4
Mut_B	Drug_X	15	0	4
Mut_B	Drug_X	16	0	4
Mut_B	Drug_X	17	0.00027113075847197	4
Mut_B	Drug_X	18	0.00561500518578598	4
Mut_B	Drug_X	19	0.00224315684785565	4
Mut_B	Drug_X	20	0	4
Mut_B	Drug_X	21	0.00571685867922033	4
Mut_B	Drug_X	22	0	4
Mut_B	Drug_X	23	0	4
Mut_B	Drug_X	24	0.00238719360719286	4
Mut_B	Drug_X	25	0	4
Mut_B	Drug_X	26	0.0038392846389542	4
Mut_B	Drug_X	27	0	4
Mut_B	Drug_X	28	0	4
Mut_B	Drug_X	29	0	4
Mut_B	Drug_X	30	0.00474115785700494	4
Mut_B	Drug_X	31	0	4
Mut_B	Drug_X	32	0	4
Mut_B	Drug_X	33	0	4
Mut_B	Drug_X	34	0.00568282900539632	4
Mut_B	Drug_X	35	0.00321652846439469	4
Mut_B	Drug_X	36	0.00995599860724254	4
Mut_B	Drug_X	1	0	5
Mut_B	Drug_X	2	0.0032810568565911	5
Mut_B	Drug_X	3	0.0141838937438574	5
Mut_B	Drug_X	4	0.00513902440560665	5
Mut_B	Drug_X	5	0.00264721306956125	5
Mut_B	Drug_X	6	0.000527230296664859	5
Mut_B	Drug_X	7	0	5
Mut_B	Drug_X	8	0.00430561888619712	5
Mut_B	Drug_X	9	0	5
Mut_B	Drug_X	10	0	5
Mut_B	Drug_X	11	0.00519439141291846	5
Mut_B	Drug_X	12	0	5
Mut_B	Drug_X	13	0.00509611732406435	5
Mut_B	Drug_X	14	0.00038141352732586	5
Mut_B	Drug_X	15	0	5
Mut_B	Drug_X	16	0	5
Mut_B	Drug_X	17	0.00768654012947388	5
Mut_B	Drug_X	18	0	5
Mut_B	Drug_X	19	0.00382285193939161	5
Mut_B	Drug_X	20	0.00488426502539332	5
Mut_B	Drug_X	21	0.00142026489471344	5
Mut_B	Drug_X	22	0	5
Mut_B	Drug_X	23	0.00928148709959542	5
Mut_B	Drug_X	24	0.0106952046751631	5
Mut_B	Drug_X	25	0	5
Mut_B	Drug_X	26	0.00469304078020624	5
Mut_B	Drug_X	27	0	5
Mut_B	Drug_X	28	0.00398988747150449	5
Mut_B	Drug_X	29	0.0107696084407062	5
Mut_B	Drug_X	30	0.00241949683012086	5
Mut_B	Drug_X	31	0.00332233183741457	5
Mut_B	Drug_X	32	0	5
Mut_B	Drug_X	33	0.00442822589691609	5
Mut_B	Drug_X	34	0.00740270309626537	5
Mut_B	Drug_X	35	0	5
Mut_B	Drug_X	36	0.000711815348850567	5
Mut_B	Drug_X	1	0	6
Mut_B	Drug_X	2	0.00177872519505722	6
Mut_B	Drug_X	3	0	6
Mut_B	Drug_X	4	0	6
Mut_B	Drug_X	5	0	6
Mut_B	Drug_X	6	0	6
Mut_B	Drug_X	7	0	6
Mut_B	Drug_X	8	0	6
Mut_B	Drug_X	9	0.00694553831111647	6
Mut_B	Drug_X	10	0.00555988715943779	6
Mut_B	Drug_X	11	0.00487345092736887	6
Mut_B	Drug_X	12	0.000826141298244201	6
Mut_B	Drug_X	13	0	6
Mut_B	Drug_X	14	0.0170881467526511	6
Mut_B	Drug_X	15	0.0128585259566586	6
Mut_B	Drug_X	16	0.000342157020992326	6
Mut_B	Drug_X	17	0.00194044816426707	6
Mut_B	Drug_X	18	0.00507212088864629	6
Mut_B	Drug_X	19	0.00957795263060651	6
Mut_B	Drug_X	20	0.011984688183529	6
Mut_B	Drug_X	21	0.000398288861786969	6
Mut_B	Drug_X	22	0.00366063988874656	6
Mut_B	Drug_X	23	0.0149469645751552	6
Mut_B	Drug_X	24	0.0210042030515527	6
Mut_B	Drug_X	25	0.0160220022840869	6
Mut_B	Drug_X	26	0.0283799383371282	6
Mut_B	Drug_X	27	0.0395889253233137	6
Mut_B	Drug_X	28	0.0245761227545078	6
Mut_B	Drug_X	29	0.0255250024680316	6
Mut_B	Drug_X	30	0.0301220571793029	6
Mut_B	Drug_X	31	0.0383473446118891	6
Mut_B	Drug_X	32	0.0416651694701242	6
Mut_B	Drug_X	33	0.0544098059450279	6
Mut_B	Drug_X	34	0.0535204321432734	6
Mut_B	Drug_X	35	0.0522902462344606	6
Mut_B	Drug_X	36	0.0660978758290813	6
Mut_B	Drug_X	1	0	7
Mut_B	Drug_X	2	0.006933692077868	7
Mut_B	Drug_X	3	0.0102275442773436	7
Mut_B	Drug_X	4	0.0181355684555372	7
Mut_B	Drug_X	5	0	7
Mut_B	Drug_X	6	0.0100273569001818	7
Mut_B	Drug_X	7	0	7
Mut_B	Drug_X	8	0.00615318064620154	7
Mut_B	Drug_X	9	0	7
Mut_B	Drug_X	10	0	7
Mut_B	Drug_X	11	0	7
Mut_B	Drug_X	12	0.00252384851476197	7
Mut_B	Drug_X	13	0.00216196040495046	7
Mut_B	Drug_X	14	0	7
Mut_B	Drug_X	15	0	7
Mut_B	Drug_X	16	0.000326754012544126	7
Mut_B	Drug_X	17	0.00125012476515604	7
Mut_B	Drug_X	18	0.0069988565435114	7
Mut_B	Drug_X	19	0.00121595985538374	7
Mut_B	Drug_X	20	0.00603371615305291	7
Mut_B	Drug_X	21	0.00653930310901346	7
Mut_B	Drug_X	22	0	7
Mut_B	Drug_X	23	0	7
Mut_B	Drug_X	24	0.00404922828503782	7
Mut_B	Drug_X	25	0	7
Mut_B	Drug_X	26	0.00511894896004338	7
Mut_B	Drug_X	27	0	7
Mut_B	Drug_X	28	0	7
Mut_B	Drug_X	29	0.00990325922931927	7
Mut_B	Drug_X	30	0.000710708450649342	7
Mut_B	Drug_X	31	0.00456651228736041	7
Mut_B	Drug_X	32	0	7
Mut_B	Drug_X	33	0.00329429319448711	7
Mut_B	Drug_X	34	0.000132646855536413	7
Mut_B	Drug_X	35	0.0117285107179404	7
Mut_B	Drug_X	36	0.0024088357481118	7
Mut_B	Drug_X	1	0	8
Mut_B	Drug_X	2	0.0092454421258217	8
Mut_B	Drug_X	3	0	8
Mut_B	Drug_X	4	0	8
Mut_B	Drug_X	5	0.00937404888074339	8
Mut_B	Drug_X	6	0.00265579533290652	8
Mut_B	Drug_X	7	0	8
Mut_B	Drug_X	8	0	8
Mut_B	Drug_X	9	0.00918862558483918	8
Mut_B	Drug_X	10	0	8
Mut_B	Drug_X	11	0	8
Mut_B	Drug_X	12	0.0128771957535664	8
Mut_B	Drug_X	13	0.00263328412784206	8
Mut_B	Drug_X	14	0.00294366891491755	8
Mut_B	Drug_X	15	0.0105163791291181	8
Mut_B	Drug_X	16	0	8
Mut_B	Drug_X	17	0	8
Mut_B	Drug_X	18	0.000698155168278325	8
Mut_B	Drug_X	19	0.00125196687074834	8
Mut_B	Drug_X	20	0	8
Mut_B	Drug_X	21	0	8
Mut_B	Drug_X	22	0	8
Mut_B	Drug_X	23	0	8
Mut_B	Drug_X	24	0	8
Mut_B	Drug_X	25	0	8
Mut_B	Drug_X	26	0	8
Mut_B	Drug_X	27	0	8
Mut_B	Drug_X	28	0.00304137372231123	8
Mut_B	Drug_X	29	0.00529064213496169	8
Mut_B	Drug_X	30	0.00364507761947294	8
Mut_B	Drug_X	31	0.00432512609770292	8
Mut_B	Drug_X	32	0	8
Mut_B	Drug_X	33	0	8
Mut_B	Drug_X	34	0	8
Mut_B	Drug_X	35	0	8
Mut_B	Drug_X	36	0.00379375822167033	8
Mut_B	Drug_Z	1	0.00083405500635782	1
Mut_B	Drug_Z	2	0	1
Mut_B	Drug_Z	3	0.00389797453197911	1
Mut_B	Drug_Z	4	0.00197863424436689	1
Mut_B	Drug_Z	5	0	1
Mut_B	Drug_Z	6	0.00468241928969442	1
Mut_B	Drug_Z	7	0	1
Mut_B	Drug_Z	8	0	1
Mut_B	Drug_Z	9	0.00665133373750484	1
Mut_B	Drug_Z	10	0.00500343353774376	1
Mut_B	Drug_Z	11	0	1
Mut_B	Drug_Z	12	0	1
Mut_B	Drug_Z	13	0	1
Mut_B	Drug_Z	14	0	1
Mut_B	Drug_Z	15	0.00415450519401578	1
Mut_B	Drug_Z	16	0.00114100517066013	1
Mut_B	Drug_Z	17	0.00129485746820857	1
Mut_B	Drug_Z	18	0	1
Mut_B	Drug_Z	19	0	1
Mut_B	Drug_Z	20	0	1
Mut_B	Drug_Z	21	0.00392037867013326	1
Mut_B	Drug_Z	22	0	1
Mut_B	Drug_Z	23	0	1
Mut_B	Drug_Z	24	0	1
Mut_B	Drug_Z	25	0	1
Mut_B	Drug_Z	26	0	1
Mut_B	Drug_Z	27	0	1
Mut_B	Drug_Z	28	0.0029603014900934	1
Mut_B	Drug_Z	29	0.00835086111786952	1
Mut_B	Drug_Z	30	9.74990879475026e-05	1
Mut_B	Drug_Z	31	0.00230411009822102	1
Mut_B	Drug_Z	32	0.00337944901940349	1
Mut_B	Drug_Z	33	0.00359243794914552	1
Mut_B	Drug_Z	34	0.010340351469081	1
Mut_B	Drug_Z	35	0	1
Mut_B	Drug_Z	36	0.00159646600956474	1
Mut_B	Drug_Z	1	0.00791742603238738	2
Mut_B	Drug_Z	2	0.00602578006894639	2
Mut_B	Drug_Z	3	0.0151346928061649	2
Mut_B	Drug_Z	4	0.00182692533191763	2
Mut_B	Drug_Z	5	0	2
Mut_B	Drug_Z	6	0.0086040495891609	2
Mut_B	Drug_Z	7	0.0036645623852117	2
Mut_B	Drug_Z	8	0.00905308586593723	2
Mut_B	Drug_Z	9	3.5224505720506e-05	2
Mut_B	Drug_Z	10	0	2
Mut_B	Drug_Z	11	0	2
Mut_B	Drug_Z	12	0	2
Mut_B	Drug_Z	13	0	2
Mut_B	Drug_Z	14	0	2
Mut_B	Drug_Z	15	0	2
Mut_B	Drug_Z	16	0	2
Mut_B	Drug_Z	17	0.00780839420487384	2
Mut_B	Drug_Z	18	0.0077683355010753	2
Mut_B	Drug_Z	19	0	2
Mut_B	Drug_Z	20	0	2
Mut_B	Drug_Z	21	0	2
Mut_B	Drug_Z	22	0	2
Mut_B	Drug_Z	23	0	2
Mut_B	Drug_Z	24	0.00112198036374718	2
Mut_B	Drug_Z	25	0	2
Mut_B	Drug_Z	26	0.00566471797145661	2
Mut_B	Drug_Z	27	0	2
Mut_B	Drug_Z	28	0	2
Mut_B	Drug_Z	29	0.001823500009992	2
Mut_B	Drug_Z	30	0.0131022527887388	2
Mut_B	Drug_Z	31	0	2
Mut_B	Drug_Z	32	0.00225869793453708	2
Mut_B	Drug_Z	33	0	2
Mut_B	Drug_Z	34	0	2
Mut_B	Drug_Z	35	0.00395600344794858	2
Mut_B	Drug_Z	36	0	2
Mut_B	Drug_Z	1	0.00518067700737232	3
Mut_B	Drug_Z	2	0	3
Mut_B	Drug_Z	3	0	3
Mut_B	Drug_Z	4	0	3
Mut_B	Drug_Z	5	0	3
Mut_B	Drug_Z	6	0.00538733902873927	3
Mut_B	Drug_Z	7	0.00257209820137318	3
Mut_B	Drug_Z	8	0	3
Mut_B	Drug_Z	9	0.00634099496988052	3
Mut_B	Drug_Z	10	0	3
Mut_B	Drug_Z	11	0.00453741538212003	3
Mut_B	Drug_Z	12	0.000867189878702111	3
Mut_B	Drug_Z	13	0.000931797988799683	3
Mut_B	Drug_Z	14	0.0014839521787473	3
Mut_B	Drug_Z	15	0	3
Mut_B	Drug_Z	16	0	3
Mut_B	Drug_Z	17	0	3
Mut_B	Drug_Z	18	0.00123075801108214	3
Mut_B	Drug_Z	19	0	3
Mut_B	Drug_Z	20	0.00430500759202752	3
Mut_B	Drug_Z	21	0	3
Mut_B	Drug_Z	22	0	3
Mut_B	Drug_Z	23	0	3
Mut_B	Drug_Z	24	0.00354253323409219	3
Mut_B	Drug_Z	25	0.00564593061526935	3
Mut_B	Drug_Z	26	0	3
Mut_B	Drug_Z	27	0	3
Mut_B	Drug_Z	28	0	3
Mut_B	Drug_Z	29	0.00153807442919258	3
Mut_B	Drug_Z	30	0.00622285869738038	3
Mut_B	Drug_Z	31	0.00396564564259946	3
Mut_B	Drug_Z	32	0	3
Mut_B	Drug_Z	33	0	3
Mut_B	Drug_Z	34	0.00949075501855592	3
Mut_B	Drug_Z	35	0	3
Mut_B	Drug_Z	36	0	3
Mut_B	Drug_Z	1	0	4
Mut_B	Drug_Z	2	0.000192249360827205	4
Mut_B	Drug_Z	3	0.00309555435353493	4
Mut_B	Drug_Z	4	0	4
Mut_B	Drug_Z	5	0	4
Mut_B	Drug_Z	6	0.0130807079291802	4
Mut_B	Drug_Z	7	0.00224306819562767	4
Mut_B	Drug_Z	8	0	4
Mut_B	Drug_Z	9	0	4
Mut_B	Drug_Z	10	0	4
Mut_B	Drug_Z	11	0.00564854875750773	4
Mut_B	Drug_Z	12	0	4
Mut_B	Drug_Z	13	0	4
Mut_B	Drug_Z	14	0	4
Mut_B	Drug_Z	15	0.00310409310749438	4
Mut_B	Drug_Z	16	0.0037745032318672	4
Mut_B	Drug_Z	17	0.00217434881201941	4
Mut_B	Drug_Z	18	0.00184664582200704	4
Mut_B	Drug_Z	19	0.00433756038958333	4
Mut_B	Drug_Z	20	0.00774574153760793	4
Mut_B	Drug_Z	21	0.00204713210364002	4
Mut_B	Drug_Z	22	0.0101630431844789	4
Mut_B	Drug_Z	23	0.00679094434691679	4
Mut_B	Drug_Z	24	0	4
Mut_B	Drug_Z	25	0	4
Mut_B	Drug_Z	26	0.000402070518101216	4
Mut_B	Drug_Z	27	0	4
Mut_B	Drug_Z	28	0	4
Mut_B	Drug_Z	29	0.00398460003604994	4
Mut_B	Drug_Z	30	0	4
Mut_B	Drug_Z	31	0	4
Mut_B	Drug_Z	32	0.00452156605580933	4
Mut_B	Drug_Z	33	0.00656607495043507	4
Mut_B	Drug_Z	34	0.00699063820477325	4
Mut_B	Drug_Z	35	0	4
Mut_B	Drug_Z	36	0.00296047534216103	4
Mut_B	Drug_Z	1	0.00311745249483779	5
Mut_B	Drug_Z	2	0.00217773903048627	5
Mut_B	Drug_Z	3	0	5
Mut_B	Drug_Z	4	0	5
Mut_B	Drug_Z	5	0	5
Mut_B	Drug_Z	6	0	5
Mut_B	Drug_Z	7	0	5
Mut_B	Drug_Z	8	0	5
Mut_B	Drug_Z	9	0.00542866212982583	5
Mut_B	Drug_Z	10	0.000812985556605204	5
Mut_B	Drug_Z	11	0.000232690138783685	5
Mut_B	Drug_Z	12	0.000693896865146862	5
Mut_B	Drug_Z	13	0	5
Mut_B	Drug_Z	14	0.00769720276540036	5
Mut_B	Drug_Z	15	0	5
Mut_B	Drug_Z	16	0.00966401406607162	5
Mut_B	Drug_Z	17	0.0119181983177972	5
Mut_B	Drug_Z	18	0	5
Mut_B	Drug_Z	19	0	5
Mut_B	Drug_Z	20	0	5
Mut_B	Drug_Z	21	0.0114731019082624	5
Mut_B	Drug_Z	22	0.00704851964694471	5
Mut_B	Drug_Z	23	0.00286984027080325	5
Mut_B	Drug_Z	24	0	5
Mut_B	Drug_Z	25	0.0025051003186749	5
Mut_B	Drug_Z	26	0.00332311428412198	5
Mut_B	Drug_Z	27	0.00811749462041616	5
Mut_B	Drug_Z	28	0	5
Mut_B	Drug_Z	29	0.0202377367388539	5
Mut_B	Drug_Z	30	0	5
Mut_B	Drug_Z	31	0	5
Mut_B	Drug_Z	32	0	5
Mut_B	Drug_Z	33	0.00381993592503681	5
Mut_B	Drug_Z	34	0	5
Mut_B	Drug_Z	35	0	5
Mut_B	Drug_Z	36	0.000545848616082189	5
Mut_B	Drug_Z	1	0	6
Mut_B	Drug_Z	2	0	6
Mut_B	Drug_Z	3	0	6
Mut_B	Drug_Z	4	0	6
Mut_B	Drug_Z	5	0	6
Mut_B	Drug_Z	6	0	6
Mut_B	Drug_Z	7	0	6
Mut_B	Drug_Z	8	0.00734787664515668	6
Mut_B	Drug_Z	9	0	6
Mut_B	Drug_Z	10	0	6
Mut_B	Drug_Z	11	0.0031620324195682	6
Mut_B	Drug_Z	12	0.00508134952837247	6
Mut_B	Drug_Z	13	0	6
Mut_B	Drug_Z	14	0.00139979982910375	6
Mut_B	Drug_Z	15	0	6
Mut_B	Drug_Z	16	0.00523452081782861	6
Mut_B	Drug_Z	17	0.00520535452945669	6
Mut_B	Drug_Z	18	0.0148526495040239	6
Mut_B	Drug_Z	19	0.00106577674994722	6
Mut_B	Drug_Z	20	0	6
Mut_B	Drug_Z	21	0.0147067421612209	6
Mut_B	Drug_Z	22	0.00680721449726379	6
Mut_B	Drug_Z	23	0.00473909281558304	6
Mut_B	Drug_Z	24	0.0129210286892803	6
Mut_B	Drug_Z	25	0.00365577629566871	6
Mut_B	Drug_Z	26	0	6
Mut_B	Drug_Z	27	0.00640019726371163	6
Mut_B	Drug_Z	28	0.011666043607962	6
Mut_B	Drug_Z	29	0.00320836572945372	6
Mut_B	Drug_Z	30	0	6
Mut_B	Drug_Z	31	0	6
Mut_B	Drug_Z	32	0.0154319381054748	6
Mut_B	Drug_Z	33	0.0123110758058706	6
Mut_B	Drug_Z	34	0.0271407519670334	6
Mut_B	Drug_Z	35	0.0227540297527891	6
Mut_B	Drug_Z	36	0.0145233315938259	6
Mut_B	Drug_Z	1	0.00396722244447227	7
Mut_B	Drug_Z	2	0	7
Mut_B	Drug_Z	3	0	7
Mut_B	Drug_Z	4	0	7
Mut_B	Drug_Z	5	0.00570481181566097	7
Mut_B	Drug_Z	6	0	7
Mut_B	Drug_Z	7	0	7
Mut_B	Drug_Z	8	0.000731633676685907	7
Mut_B	Drug_Z	9	0.0139267144833668	7
Mut_B	Drug_Z	10	0.000801944510417519	7
Mut_B	Drug_Z	11	0	7
Mut_B	Drug_Z	12	0	7
Mut_B	Drug_Z	13	0	7
Mut_B	Drug_Z	14	0.00893530351807447	7
Mut_B	Drug_Z	15	0	7
Mut_B	Drug_Z	16	0	7
Mut_B	Drug_Z	17	0	7
Mut_B	Drug_Z	18	0	7
Mut_B	Drug_Z	19	0.013243038631175	7
Mut_B	Drug_Z	20	0.00317694763300089	7
Mut_B	Drug_Z	21	0	7
Mut_B	Drug_Z	22	0	7
Mut_B	Drug_Z	23	0.00976034748839271	7
Mut_B	Drug_Z	24	0.00389467760454124	7
Mut_B	Drug_Z	25	0.0019957116421502	7
Mut_B	Drug_Z	26	0.00444021826214674	7
Mut_B	Drug_Z	27	0	7
Mut_B	Drug_Z	28	0.000238137167498304	7
Mut_B	Drug_Z	29	0	7
Mut_B	Drug_Z	30	0.00333127811613619	7
Mut_B	Drug_Z	31	0.00335527580121248	7
Mut_B	Drug_Z	32	0.0128630102793839	7
Mut_B	Drug_Z	33	0	7
Mut_B	Drug_Z	34	0.00976701849195768	7
Mut_B	Drug_Z	35	0	7
Mut_B	Drug_Z	36	0.00126432604983194	7
Mut_B	Drug_Z	1	0.0102885853986635	8
Mut_B	Drug_Z	2	0.000566798370260122	8
Mut_B	Drug_Z	3	0	8
Mut_B	Drug_Z	4	0.00541696957942183	8
Mut_B	Drug_Z	5	0	8
Mut_B	Drug_Z	6	0.00248918163641994	8
Mut_B	Drug_Z	7	0	8
Mut_B	Drug_Z	8	0	8
Mut_B	Drug_Z	9	0.00361875749786519	8
Mut_B	Drug_Z	10	0.00427824684856494	8
Mut_B	Drug_Z	11	0	8
Mut_B	Drug_Z	12	0.00675901821101027	8
Mut_B	Drug_Z	13	0.00458967857834452	8
Mut_B	Drug_Z	14	0.000315733438943989	8
Mut_B	Drug_Z	15	0	8
Mut_B	Drug_Z	16	0	8
Mut_B	Drug_Z	17	0.000984292535036289	8
Mut_B	Drug_Z	18	0.00535362234900479	8
Mut_B	Drug_Z	19	0.00645328975315687	8
Mut_B	Drug_Z	20	0.00858043418931109	8
Mut_B	Drug_Z	21	0	8
Mut_B	Drug_Z	22	0	8
Mut_B	Drug_Z	23	0	8
Mut_B	Drug_Z	24	0.003707410369574	8
Mut_B	Drug_Z	25	0	8
Mut_B	Drug_Z	26	0	8
Mut_B	Drug_Z	27	0	8
Mut_B	Drug_Z	28	0.00476216931076626	8
Mut_B	Drug_Z	29	0.00563091708698828	8
Mut_B	Drug_Z	30	0.00128066832595432	8
Mut_B	Drug_Z	31	4.02081659867763e-05	8
Mut_B	Drug_Z	32	0.0038630459236849	8
Mut_B	Drug_Z	33	0	8
Mut_B	Drug_Z	34	0	8
Mut_B	Drug_Z	35	0	8
Mut_B	Drug_Z	36	0.00116870212154533	8
Mut_B	None	1	0.0107919629044972	1
Mut_B	None	2	0	1
Mut_B	None	3	0	1
Mut_B	None	4	0	1
Mut_B	None	5	0.00888534468489766	1
Mut_B	None	6	0	1
Mut_B	None	7	0.00118146632950183	1
Mut_B	None	8	0.00227628381886339	1
Mut_B	None	9	0.00133125628655764	1
Mut_B	None	10	0.000942299592427902	1
Mut_B	None	11	0.00147705370561948	1
Mut_B	None	12	0	1
Mut_B	None	13	0.00753829175634082	1
Mut_B	None	14	0.0029960175175841	1
Mut_B	None	15	0.00279948709805539	1
Mut_B	None	16	0	1
Mut_B	None	17	0.00207085086454248	1
Mut_B	None	18	0	1
Mut_B	None	19	0.00756270655264483	1
Mut_B	None	20	0	1
Mut_B	None	21	0.00583015683041509	1
Mut_B	None	22	0	1
Mut_B	None	23	0	1
Mut_B	None	24	0	1
Mut_B	None	25	0.00237393307050134	1
Mut_B	None	26	0.00955895144412757	1
Mut_B	None	27	0.00760507415449408	1
Mut_B	None	28	0.0013256857252582	1
Mut_B	None	29	0	1
Mut_B	None	30	0.00482819096259197	1
Mut_B	None	31	0	1
Mut_B	None	32	0	1
Mut_B	None	33	0	1
Mut_B	None	34	0	1
Mut_B	None	35	0.000477093942032354	1
Mut_B	None	36	0.0117572159834268	1
Mut_B	None	1	0.0114183823113016	2
Mut_B	None	2	0.00579895467791459	2
Mut_B	None	3	0.000105407408587352	2
Mut_B	None	4	0	2
Mut_B	None	5	0	2
Mut_B	None	6	0.000711051591127563	2
Mut_B	None	7	0.00168741785692317	2
Mut_B	None	8	0	2
Mut_B	None	9	6.80089900376991e-05	2
Mut_B	None	10	0	2
Mut_B	None	11	0.0104176613412332	2
Mut_B	None	12	0.00775837369646506	2
Mut_B	None	13	0	2
Mut_B	None	14	0	2
Mut_B	None	15	0	2
Mut_B	None	16	0.000946240544767612	2
Mut_B	None	17	0	2
Mut_B	None	18	0	2
Mut_B	None	19	0	2
Mut_B	None	20	0	2
Mut_B	None	21	0	2
Mut_B	None	22	0	2
Mut_B	None	23	0	2
Mut_B	None	24	0	2
Mut_B	None	25	0.00998912521663112	2
Mut_B	None	26	0	2
Mut_B	None	27	0	2
Mut_B	None	28	0.00527692567291422	2
Mut_B	None	29	0	2
Mut_B	None	30	0.00222164102765072	2
Mut_B	None	31	0.000919478496241232	2
Mut_B	None	32	0	2
Mut_B	None	33	0.000300823441583329	2
Mut_B	None	34	0	2
Mut_B	None	35	0	2
Mut_B	None	36	0	2
Mut_B	None	1	0.024992243341138	3
Mut_B	None	2	0	3
Mut_B	None	3	0	3
Mut_B	None	4	0.00589999731487282	3
Mut_B	None	5	0.00206220427240147	3
Mut_B	None	6	0	3
Mut_B	None	7	0.00230001266346043	3
Mut_B	None	8	0	3
Mut_B	None	9	0.00644725950923338	3
Mut_B	None	10	0.000321127236408934	3
Mut_B	None	11	0	3
Mut_B	None	12	0	3
Mut_B	None	13	0.00331729182520632	3
Mut_B	None	14	0	3
Mut_B	None	15	0	3
Mut_B	None	16	0.00314312362174797	3
Mut_B	None	17	0.00571435017829419	3
Mut_B	None	18	0	3
Mut_B	None	19	0.00326390678710224	3
Mut_B	None	20	0.0107074636997846	3
Mut_B	None	21	0	3
Mut_B	None	22	0.00174377525422896	3
Mut_B	None	23	0.00671974790319707	3
Mut_B	None	24	0	3
Mut_B	None	25	0.0125312263146503	3
Mut_B	None	26	0	3
Mut_B	None	27	0	3
Mut_B	None	28	0.00821471047659955	3
Mut_B	None	29	0	3
Mut_B	None	30	0.0102538674083114	3
Mut_B	None	31	0	3
Mut_B	None	32	0.00403803121957406	3
Mut_B	None	33	0.0111052334523251	3
Mut_B	None	34	0.00236094206124706	3
Mut_B	None	35	0.000119200852037203	3
Mut_B	None	36	0.0217121358430991	3
Mut_B	None	1	0	4
Mut_B	None	2	0	4
Mut_B	None	3	0	4
Mut_B	None	4	0	4
Mut_B	None	5	0	4
Mut_B	None	6	0.00637779412803016	4
Mut_B	None	7	0	4
Mut_B	None	8	0	4
Mut_B	None	9	0	4
Mut_B	None	10	0.0141356368940164	4
Mut_B	None	11	0	4
Mut_B	None	12	0	4
Mut_B	None	13	0.00602207599350053	4
Mut_B	None	14	0	4
Mut_B	None	15	0.00556511742133163	4
Mut_B	None	16	0	4
Mut_B	None	17	0.0039304106609537	4
Mut_B	None	18	0.00429496817753936	4
Mut_B	None	19	0.00714633786471772	4
Mut_B	None	20	0.00610518213597389	4
Mut_B	None	21	0	4
Mut_B	None	22	0	4
Mut_B	None	23	0	4
Mut_B	None	24	0	4
Mut_B	None	25	0	4
Mut_B	None	26	0.00384195796063777	4
Mut_B	None	27	0.0091756283440119	4
Mut_B	None	28	0	4
Mut_B	None	29	0.00533458400063176	4
Mut_B	None	30	0	4
Mut_B	None	31	0	4
Mut_B	None	32	0.00989557112143581	4
Mut_B	None	33	0.00316271299810367	4
Mut_B	None	34	0.0119298660414536	4
Mut_B	None	35	0.000969517974938008	4
Mut_B	None	36	0	4
Mut_B	None	1	0.00973071601565115	5
Mut_B	None	2	0.00505659923859504	5
Mut_B	None	3	0.00859259201738272	5
Mut_B	None	4	0	5
Mut_B	None	5	0.00498785625337636	5
Mut_B	None	6	0.00383244701077991	5
Mut_B	None	7	0	5
Mut_B	None	8	0	5
Mut_B	None	9	0.00873298144686028	5
Mut_B	None	10	0.00207477534622766	5
Mut_B	None	11	0.0146836027346424	5
Mut_B	None	12	0	5
Mut_B	None	13	0	5
Mut_B	None	14	0.00288904470040294	5
Mut_B	None	15	0	5
Mut_B	None	16	0.00248591052102599	5
Mut_B	None	17	0.00104278961050046	5
Mut_B	None	18	0.00360093252014558	5
Mut_B	None	19	0.00437059218343564	5
Mut_B	None	20	0	5
Mut_B	None	21	0	5
Mut_B	None	22	0	5
Mut_B	None	23	0	5
Mut_B	None	24	0	5
Mut_B	None	25	0.00161111928056652	5
Mut_B	None	26	0	5
Mut_B	None	27	0	5
Mut_B	None	28	0.00397687685271381	5
Mut_B	None	29	0	5
Mut_B	None	30	0	5
Mut_B	None	31	0.00391487203619567	5
Mut_B	None	32	0.00187247710742981	5
Mut_B	None	33	0.00785681079775553	5
Mut_B	None	34	0.00604056140441587	5
Mut_B	None	35	0	5
Mut_B	None	36	0.00686517597012959	5
Mut_B	None	1	0.00310363666004996	6
Mut_B	None	2	0	6
Mut_B	None	3	0.00595004920159839	6
Mut_B	None	4	0	6
Mut_B	None	5	0	6
Mut_B	None	6	0	6
Mut_B	None	7	0	6
Mut_B	None	8	0.00525542992058185	6
Mut_B	None	9	0	6
Mut_B	None	10	0.00326099482641762	6
Mut_B	None	11	0	6
Mut_B	None	12	0.00755987106196989	6
Mut_B	None	13	0.0127539652335308	6
Mut_B	None	14	0.00582757932621976	6
Mut_B	None	15	0.00603980365263867	6
Mut_B	None	16	0	6
Mut_B	None	17	0	6
Mut_B	None	18	0.00637515414103616	6
Mut_B	None	19	0.00884369162654478	6
Mut_B	None	20	0.0117384531307848	6
Mut_B	None	21	0.0096725006743386	6
Mut_B	None	22	0.0166624506173603	6
Mut_B	None	23	0.0177180694122342	6
Mut_B	None	24	0.0209238996249041	6
Mut_B	None	25	0.035973979255996	6
Mut_B	None	26	0.0210487365805872	6
Mut_B	None	27	0.0258249813206328	6
Mut_B	None	28	0.0265891653757824	6
Mut_B	None	29	0.0325761584650882	6
Mut_B	None	30	0.0432651978445845	6
Mut_B	None	31	0.0519220775548604	6
Mut_B	None	32	0.057947803656438	6
Mut_B	None	33	0.0618582372008754	6
Mut_B	None	34	0.0733566388278988	6
Mut_B	None	35	0.0761146861736529	6
Mut_B	None	36	0.0793083169357272	6
Mut_B	None	1	0	7
Mut_B	None	2	0.0072564788295537	7
Mut_B	None	3	0	7
Mut_B	None	4	0	7
Mut_B	None	5	0	7
Mut_B	None	6	0	7
Mut_B	None	7	0	7
Mut_B	None	8	0	7
Mut_B	None	9	0	7
Mut_B	None	10	0	7
Mut_B	None	11	0	7
Mut_B	None	12	0	7
Mut_B	None	13	0.00254112896502249	7
Mut_B	None	14	0	7
Mut_B	None	15	0	7
Mut_B	None	16	0.00533662817580987	7
Mut_B	None	17	0.0101612063347775	7
Mut_B	None	18	0.00188597633697582	7
Mut_B	None	19	0	7
Mut_B	None	20	0	7
Mut_B	None	21	0	7
Mut_B	None	22	0.0100584323538446	7
Mut_B	None	23	0	7
Mut_B	None	24	0.00427796091737362	7
Mut_B	None	25	0.00121269373867671	7
Mut_B	None	26	0.0180019451287138	7
Mut_B	None	27	0	7
Mut_B	None	28	0	7
Mut_B	None	29	0	7
Mut_B	None	30	0	7
Mut_B	None	31	0	7
Mut_B	None	32	0	7
Mut_B	None	33	0	7
Mut_B	None	34	0.00357445015613665	7
Mut_B	None	35	0	7
Mut_B	None	36	0	7
Mut_B	None	1	0	8
Mut_B	None	2	0	8
Mut_B	None	3	0	8
Mut_B	None	4	0	8
Mut_B	None	5	0.00531479642499635	8
Mut_B	None	6	0.0108212366838648	8
Mut_B	None	7	0	8
Mut_B	None	8	0	8
Mut_B	None	9	0	8
Mut_B	None	10	0.00732069916535904	8
Mut_B	None	11	0	8
Mut_B	None	12	0.000964233824950254	8
Mut_B	None	13	0	8
Mut_B	None	14	0	8
Mut_B	None	15	0	8
Mut_B	None	16	0.00595718654956814	8
Mut_B	None	17	0	8
Mut_B	None	18	0	8
Mut_B	None	19	0	8
Mut_B	None	20	0.00223475780765305	8
Mut_B	None	21	0.00554327556995014	8
Mut_B	None	22	0.0039292589670292	8
Mut_B	None	23	0	8
Mut_B	None	24	0.00899361390813062	8
Mut_B	None	25	0.00318586549095748	8
Mut_B	None	26	0	8
Mut_B	None	27	0.00465249076109407	8
Mut_B	None	28	0	8
Mut_B	None	29	0	8
Mut_B	None	30	0	8
Mut_B	None	31	0.00200568459796148	8
Mut_B	None	32	0	8
Mut_B	None	33	0	8
Mut_B	None	34	0	8
Mut_B	None	35	0.00626498384647931	8
Mut_B	None	36	0.008159643468537	8
WT	Drug_X	1	0.00389494165994437	1
WT	Drug_X	2	0.0200467625746407	1
WT	Drug_X	3	0.00790021004522889	1
WT	Drug_X	4	0.0257596290150309	1
WT	Drug_X	5	0.0463726761172512	1
WT	Drug_X	6	0.0245463235236371	1
WT	Drug_X	7	0.0421270114848375	1
WT	Drug_X	8	0.042808165629744	1
WT	Drug_X	9	0.0483101386822181	1
WT	Drug_X	10	0.0639628380923389	1
WT	Drug_X	11	0.0677626453853819	1
WT	Drug_X	12	0.0793875249878973	1
WT	Drug_X	13	0.0983600832830389	1
WT	Drug_X	14	0.116988299236534	1
WT	Drug_X	15	0.12374630445163	1
WT	Drug_X	16	0.142152161334878	1
WT	Drug_X	17	0.174815297861157	1
WT	Drug_X	18	0.199286129867791	1
WT	Drug_X	19	0.235739739985679	1
WT	Drug_X	20	0.256313439179856	1
WT	Drug_X	21	0.286812545867737	1
WT	Drug_X	22	0.313248547086698	1
WT	Drug_X	23	0.355317610298221	1
WT	Drug_X	24	0.389655840991255	1
WT	Drug_X	25	0.418697374731867	1
WT	Drug_X	26	0.430926811177499	1
WT	Drug_X	27	0.469943058983934	1
WT	Drug_X	28	0.511355685722586	1
WT	Drug_X	29	0.527477934595759	1
WT	Drug_X	30	0.550233691266341	1
WT	Drug_X	31	0.572483112611348	1
WT	Drug_X	32	0.603030796171296	1
WT	Drug_X	33	0.622765267471895	1
WT	Drug_X	34	0.63606853106445	1
WT	Drug_X	35	0.651573947000265	1
WT	Drug_X	36	0.658800402528312	1
WT	Drug_X	1	0.0100810598450263	2
WT	Drug_X	2	0	2
WT	Drug_X	3	3.23607855415334e-05	2
WT	Drug_X	4	0.00453571330623487	2
WT	Drug_X	5	0.0230376615518851	2
WT	Drug_X	6	0.00936804625641668	2
WT	Drug_X	7	0.01765470619021	2
WT	Drug_X	8	0.0120917691599494	2
WT	Drug_X	9	0.0175578648338579	2
WT	Drug_X	10	0.0280120514444625	2
WT	Drug_X	11	0.0355719950161075	2
WT	Drug_X	12	0.0464809953228938	2
WT	Drug_X	13	0.0588042936386932	2
WT	Drug_X	14	0.0706476093315268	2
WT	Drug_X	15	0.085682496259599	2
WT	Drug_X	16	0.10065205712726	2
WT	Drug_X	17	0.119242437210243	2
WT	Drug_X	18	0.135527445255118	2
WT	Drug_X	19	0.160451770295997	2
WT	Drug_X	20	0.197672538202541	2
WT	Drug_X	21	0.225101681628244	2
WT	Drug_X	22	0.257763992938598	2
WT	Drug_X	23	0.303283938055785	2
WT	Drug_X	24	0.344534705738364	2
WT	Drug_X	25	0.388724623211546	2
WT	Drug_X	26	0.434332437044848	2
WT	Drug_X	27	0.472244723194616	2
WT	Drug_X	28	0.505297824264674	2
WT	Drug_X	29	0.537419898130737	2
WT	Drug_X	30	0.582872078432568	2
WT	Drug_X	31	0.606181968909515	2
WT	Drug_X	32	0.629113823232324	2
WT	Drug_X	33	0.654504043382142	2
WT	Drug_X	34	0.673360646127059	2
WT	Drug_X	35	0.696504271493312	2
WT	Drug_X	36	0.714741261281321	2
WT	Drug_X	1	0.0215363115460002	3
WT	Drug_X	2	0.0103450693143035	3
WT	Drug_X	3	0.0220524165828291	3
WT	Drug_X	4	0.0296622279898754	3
WT	Drug_X	5	0.0185522130358943	3
WT	Drug_X	6	0.0440530758965251	3
WT	Drug_X	7	0.0364759420877112	3
WT	Drug_X	8	0.0435440634940902	3
WT	Drug_X	9	0.0497045645047197	3
WT	Drug_X	10	0.0682859942578471	3
WT	Drug_X	11	0.0831757425900486	3
WT	Drug_X	12	0.0893661801741385	3
WT	Drug_X	13	0.101396959103558	3
WT	Drug_X	14	0.113410873483518	3
WT	Drug_X	15	0.131790343185835	3
WT	Drug_X	16	0.156079074609957	3
WT	Drug_X	17	0.178814090941551	3
WT	Drug_X	18	0.193418626841936	3
WT	Drug_X	19	0.225842981618969	3
WT	Drug_X	20	0.267094289762961	3
WT	Drug_X	21	0.291106867425833	3
WT	Drug_X	22	0.328759654915236	3
WT	Drug_X	23	0.348825710907204	3
WT	Drug_X	24	0.378528147305546	3
WT	Drug_X	25	0.423718466211652	3
WT	Drug_X	26	0.448823551651277	3
WT	Drug_X	27	0.478289665668593	3
WT	Drug_X	28	0.512965926313674	3
WT	Drug_X	29	0.545969588953278	3
WT	Drug_X	30	0.566996682025241	3
WT	Drug_X	31	0.596813279891376	3
WT	Drug_X	32	0.617971589327835	3
WT	Drug_X	33	0.630962379558887	3
WT	Drug_X	34	0.66494758989621	3
WT	Drug_X	35	0.675484358047098	3
WT	Drug_X	36	0.690419696093352	3
WT	Drug_X	1	0.0156434023130626	4
WT	Drug_X	2	0.00620911458653345	4
WT	Drug_X	3	0.0161086729646461	4
WT	Drug_X	4	0.0106961520916063	4
WT	Drug_X	5	0.0144043793376368	4
WT	Drug_X	6	0.0194535015096606	4
WT	Drug_X	7	0.0275755464575997	4
WT	Drug_X	8	0.0318124849120719	4
WT	Drug_X	9	0.0394961390431944	4
WT	Drug_X	10	0.0547439495494027	4
WT	Drug_X	11	0.0502106179892083	4
WT	Drug_X	12	0.0554859028114606	4
WT	Drug_X	13	0.0701336969511048	4
WT	Drug_X	14	0.0944447427113644	4
WT	Drug_X	15	0.103888831108152	4
WT	Drug_X	16	0.120826938521838	4
WT	Drug_X	17	0.137144070309107	4
WT	Drug_X	18	0.172218393492591	4
WT	Drug_X	19	0.205476123425648	4
WT	Drug_X	20	0.227742032164915	4
WT	Drug_X	21	0.260638149819952	4
WT	Drug_X	22	0.304079725617177	4
WT	Drug_X	23	0.341108004930551	4
WT	Drug_X	24	0.37820638148605	4
WT	Drug_X	25	0.417446955812975	4
WT	Drug_X	26	0.440118710117599	4
WT	Drug_X	27	0.489374629808822	4
WT	Drug_X	28	0.522927695699119	4
WT	Drug_X	29	0.560589164554921	4
WT	Drug_X	30	0.578009910836085	4
WT	Drug_X	31	0.602062625471241	4
WT	Drug_X	32	0.625995203132845	4
WT	Drug_X	33	0.633153485733725	4
WT	Drug_X	34	0.660823478777896	4
WT	Drug_X	35	0.672605486944956	4
WT	Drug_X	36	0.696354169338608	4
WT	Drug_X	1	0	5
WT	Drug_X	2	0.00968361783599543	5
WT	Drug_X	3	0.014574899995401	5
WT	Drug_X	4	0.00896627440556502	5
WT	Drug_X	5	0.0183718746671824	5
WT	Drug_X	6	0.0175289985690909	5
WT	Drug_X	7	0.0109045702095249	5
WT	Drug_X	8	0.0310756831760656	5
WT	Drug_X	9	0.0289202191854463	5
WT	Drug_X	10	0.0413867266491969	5
WT	Drug_X	11	0.0526623199199124	5
WT	Drug_X	12	0.0489266482908731	5
WT	Drug_X	13	0.0779850018061259	5
WT	Drug_X	14	0.0756253524611542	5
WT	Drug_X	15	0.111777195148186	5
WT	Drug_X	16	0.112163452831317	5
WT	Drug_X	17	0.139846291655858	5
WT	Drug_X	18	0.17162634176648	5
WT	Drug_X	19	0.194111848552946	5
WT	Drug_X	20	0.228086077403068	5
WT	Drug_X	21	0.259219133752283	5
WT	Drug_X	22	0.295330198326438	5
WT	Drug_X	23	0.336296492131353	5
WT	Drug_X	24	0.366028480398665	5
WT	Drug_X	25	0.41234658107834	5
WT	Drug_X	26	0.428257152787618	5
WT	Drug_X	27	0.468039757554849	5
WT	Drug_X	28	0.495569964978976	5
WT	Drug_X	29	0.538016725505801	5
WT	Drug_X	30	0.558011316407084	5
WT	Drug_X	31	0.595092081858858	5
WT	Drug_X	32	0.613365741423056	5
WT	Drug_X	33	0.61646199021788	5
WT	Drug_X	34	0.632638476559512	5
WT	Drug_X	35	0.656588280248868	5
WT	Drug_X	36	0.66503904214268	5
WT	Drug_X	1	0.00522616313044996	6
WT	Drug_X	2	0.0137983153903522	6
WT	Drug_X	3	0.019305173578514	6
WT	Drug_X	4	0.0226979622766089	6
WT	Drug_X	5	0.032014984616775	6
WT	Drug_X	6	0.0265349228911093	6
WT	Drug_X	7	0.0226877241322006	6
WT	Drug_X	8	0.0474645717655237	6
WT	Drug_X	9	0.0435661094732256	6
WT	Drug_X	10	0.0433460401580794	6
WT	Drug_X	11	0.0717968358274258	6
WT	Drug_X	12	0.0712964818751643	6
WT	Drug_X	13	0.104399478489891	6
WT	Drug_X	14	0.113730985630993	6
WT	Drug_X	15	0.147298796230123	6
WT	Drug_X	16	0.143599996276288	6
WT	Drug_X	17	0.177389912779781	6
WT	Drug_X	18	0.198499763937465	6
WT	Drug_X	19	0.231714207999605	6
WT	Drug_X	20	0.271460117092953	6
WT	Drug_X	21	0.300383367334005	6
WT	Drug_X	22	0.336568643646751	6
WT	Drug_X	23	0.357224583236497	6
WT	Drug_X	24	0.396407660701479	6
WT	Drug_X	25	0.420152428022705	6
WT	Drug_X	26	0.464426295442599	6
WT	Drug_X	27	0.49862030862714	6
WT	Drug_X	28	0.534214455955169	6
WT	Drug_X	29	0.552027875261604	6
WT	Drug_X	30	0.594822880492225	6
WT	Drug_X	31	0.606911216729058	6
WT	Drug_X	32	0.624188931524482	6
WT	Drug_X	33	0.668513017436881	6
WT	Drug_X	34	0.669767930249237	6
WT	Drug_X	35	0.682510836679615	6
WT	Drug_X	36	0.684511414849318	6
WT	Drug_X	1	0.0187723210833002	7
WT	Drug_X	2	0.0260071779032428	7
WT	Drug_X	3	0.0205423546601321	7
WT	Drug_X	4	0.0298623700933684	7
WT	Drug_X	5	0.0201874647958204	7
WT	Drug_X	6	0.0460928240745393	7
WT	Drug_X	7	0.0433888051701075	7
WT	Drug_X	8	0.0643587594165154	7
WT	Drug_X	9	0.0619218796625435	7
WT	Drug_X	10	0.0719000766570879	7
WT	Drug_X	11	0.0885968195274208	7
WT	Drug_X	12	0.100455615805969	7
WT	Drug_X	13	0.106317084930118	7
WT	Drug_X	14	0.133342370678121	7
WT	Drug_X	15	0.152428990047404	7
WT	Drug_X	16	0.180369620883385	7
WT	Drug_X	17	0.197424240880672	7
WT	Drug_X	18	0.218012145155435	7
WT	Drug_X	19	0.256619006964988	7
WT	Drug_X	20	0.289008935168599	7
WT	Drug_X	21	0.320654780462862	7
WT	Drug_X	22	0.346153821608058	7
WT	Drug_X	23	0.390822000199612	7
WT	Drug_X	24	0.433653599908636	7
WT	Drug_X	25	0.459412026178086	7
WT	Drug_X	26	0.500977509755482	7
WT	Drug_X	27	0.52286804565195	7
WT	Drug_X	28	0.553568629691732	7
WT	Drug_X	29	0.585071628608311	7
WT	Drug_X	30	0.622543312650119	7
WT	Drug_X	31	0.640373770802683	7
WT	Drug_X	32	0.666174860801053	7
WT	Drug_X	33	0.701134046166275	7
WT	Drug_X	34	0.699280207051444	7
WT	Drug_X	35	0.71692612755678	7
WT	Drug_X	36	0.74917558721977	7
WT	Drug_X	1	0	8
WT	Drug_X	2	0.00330404041586141	8
WT	Drug_X	3	0.0122031263967898	8
WT	Drug_X	4	0.00636152492259896	8
WT	Drug_X	5	0.0109063138922185	8
WT	Drug_X	6	0.0189104611840036	8
WT	Drug_X	7	0.0168620895830073	8
WT	Drug_X	8	0.0173938052145973	8
WT	Drug_X	9	0.0272350888858834	8
WT	Drug_X	10	0.0240702677540396	8
WT	Drug_X	11	0.035653181443522	8
WT	Drug_X	12	0.0403825227521105	8
WT	Drug_X	13	0.0568731213417182	8
WT	Drug_X	14	0.0654017684485709	8
WT	Drug_X	15	0.0969969576031149	8
WT	Drug_X	16	0.0982325403106415	8
WT	Drug_X	17	0.125887355759634	8
WT	Drug_X	18	0.151338578657317	8
WT	Drug_X	19	0.18217651252262	8
WT	Drug_X	20	0.232892849694636	8
WT	Drug_X	21	0.267547409199172	8
WT	Drug_X	22	0.30334325364279	8
WT	Drug_X	23	0.340299397785094	8
WT	Drug_X	24	0.394303414686027	8
WT	Drug_X	25	0.422694872901348	8
WT	Drug_X	26	0.466930444148809	8
WT	Drug_X	27	0.506902616911474	8
WT	Drug_X	28	0.55287721943358	8
WT	Drug_X	29	0.574733101550802	8
WT	Drug_X	30	0.616493542665755	8
WT	Drug_X	31	0.627315859415431	8
WT	Drug_X	32	0.644071183644931	8
WT	Drug_X	33	0.662186101082946	8
WT	Drug_X	34	0.67323229523005	8
WT	Drug_X	35	0.693908691528761	8
WT	Drug_X	36	0.691011685537149	8
WT	Drug_Z	1	0	1
WT	Drug_Z	2	0	1
WT	Drug_Z	3	0.00758141140370237	1
WT	Drug_Z	4	0.00735673991591945	1
WT	Drug_Z	5	0.00636740192808078	1
WT	Drug_Z	6	0.00861422683523867	1
WT	Drug_Z	7	0.00516334541084574	1
WT	Drug_Z	8	0.010966234478569	1
WT	Drug_Z	9	0.0279173179263839	1
WT	Drug_Z	10	0.0241455127851359	1
WT	Drug_Z	11	0.0252896543737959	1
WT	Drug_Z	12	0.0113825904393582	1
WT	Drug_Z	13	0.0291631139004972	1
WT	Drug_Z	14	0.0462259394331422	1
WT	Drug_Z	15	0.0323328644659017	1
WT	Drug_Z	16	0.0423956276293968	1
WT	Drug_Z	17	0.0530463997654094	1
WT	Drug_Z	18	0.0547875420856708	1
WT	Drug_Z	19	0.0613165098928109	1
WT	Drug_Z	20	0.071151666800863	1
WT	Drug_Z	21	0.0822935190434577	1
WT	Drug_Z	22	0.0792420011771746	1
WT	Drug_Z	23	0.0981601429575304	1
WT	Drug_Z	24	0.104281694654517	1
WT	Drug_Z	25	0.108269488401572	1
WT	Drug_Z	26	0.132070559154788	1
WT	Drug_Z	27	0.140593800924481	1
WT	Drug_Z	28	0.148078402723552	1
WT	Drug_Z	29	0.148119002708329	1
WT	Drug_Z	30	0.1524732890747	1
WT	Drug_Z	31	0.152070114684416	1
WT	Drug_Z	32	0.162672144590629	1
WT	Drug_Z	33	0.174341207275083	1
WT	Drug_Z	34	0.179746838473255	1
WT	Drug_Z	35	0.191491137397476	1
WT	Drug_Z	36	0.192916785139393	1
WT	Drug_Z	1	0	2
WT	Drug_Z	2	0	2
WT	Drug_Z	3	0.00722474429331144	2
WT	Drug_Z	4	0.00305275394117374	2
WT	Drug_Z	5	0.00538786716225626	2
WT	Drug_Z	6	0	2
WT	Drug_Z	7	0	2
WT	Drug_Z	8	0	2
WT	Drug_Z	9	0.00515412342241839	2
WT	Drug_Z	10	0.0111693866683676	2
WT	Drug_Z	11	0.00493159480959099	2
WT	Drug_Z	12	0.011036323166359	2
WT	Drug_Z	13	0.0191173598555256	2
WT	Drug_Z	14	0.0265226842218124	2
WT	Drug_Z	15	0.0268082559805687	2
WT	Drug_Z	16	0.0235154156006034	2
WT	Drug_Z	17	0.034355238140743	2
WT	Drug_Z	18	0.0303528625444355	2
WT	Drug_Z	19	0.0356508665642599	2
WT	Drug_Z	20	0.0588899376741747	2
WT	Drug_Z	21	0.0627588470870535	2
WT	Drug_Z	22	0.0593505428389453	2
WT	Drug_Z	23	0.084287157919591	2
WT	Drug_Z	24	0.107072395119058	2
WT	Drug_Z	25	0.0921572430021061	2
WT	Drug_Z	26	0.116419398769068	2
WT	Drug_Z	27	0.124546033434948	2
WT	Drug_Z	28	0.14292198109478	2
WT	Drug_Z	29	0.154722037569135	2
WT	Drug_Z	30	0.156079592973514	2
WT	Drug_Z	31	0.158482713820642	2
WT	Drug_Z	32	0.175476568663388	2
WT	Drug_Z	33	0.191864792262713	2
WT	Drug_Z	34	0.183696617345933	2
WT	Drug_Z	35	0.185381348468646	2
WT	Drug_Z	36	0.179969360233609	2
WT	Drug_Z	1	0.0124263877135181	3
WT	Drug_Z	2	0.00593619272447851	3
WT	Drug_Z	3	0.00719041719336626	3
WT	Drug_Z	4	0.00378148233794586	3
WT	Drug_Z	5	0.010010245683955	3
WT	Drug_Z	6	0.0101669989360712	3
WT	Drug_Z	7	0.0180641664060855	3
WT	Drug_Z	8	0.0242498855436674	3
WT	Drug_Z	9	0.00556940584797164	3
WT	Drug_Z	10	0.0187258239688528	3
WT	Drug_Z	11	0.00975396218190015	3
WT	Drug_Z	12	0.0174189431984784	3
WT	Drug_Z	13	0.0261365072712532	3
WT	Drug_Z	14	0.0271348680360139	3
WT	Drug_Z	15	0.0262828707879404	3
WT	Drug_Z	16	0.0375447750363035	3
WT	Drug_Z	17	0.0375481447150536	3
WT	Drug_Z	18	0.0473879185844212	3
WT	Drug_Z	19	0.0592405240970772	3
WT	Drug_Z	20	0.0696040609422229	3
WT	Drug_Z	21	0.0691187074069334	3
WT	Drug_Z	22	0.0790737493565094	3
WT	Drug_Z	23	0.085368604058159	3
WT	Drug_Z	24	0.0908348555850469	3
WT	Drug_Z	25	0.111766468559664	3
WT	Drug_Z	26	0.104237981855076	3
WT	Drug_Z	27	0.122769028684119	3
WT	Drug_Z	28	0.127311199867223	3
WT	Drug_Z	29	0.132352470961699	3
WT	Drug_Z	30	0.142851655193795	3
WT	Drug_Z	31	0.151966783639942	3
WT	Drug_Z	32	0.144287408774095	3
WT	Drug_Z	33	0.158246998420918	3
WT	Drug_Z	34	0.167145090206916	3
WT	Drug_Z	35	0.162349726768007	3
WT	Drug_Z	36	0.174839087581207	3
WT	Drug_Z	1	3.14027635459321e-05	4
WT	Drug_Z	2	0	4
WT	Drug_Z	3	0.0100312178237614	4
WT	Drug_Z	4	0	4
WT	Drug_Z	5	0.00305132362642361	4
WT	Drug_Z	6	0.00491418193653013	4
WT	Drug_Z	7	0.00212241586026096	4
WT	Drug_Z	8	0.00966117579611039	4
WT	Drug_Z	9	0.00271860347127382	4
WT	Drug_Z	10	0.00663414491535814	4
WT	Drug_Z	11	0.00683170969672824	4
WT	Drug_Z	12	0.00620740805404889	4
WT	Drug_Z	13	0.0113418579286587	4
WT	Drug_Z	14	0.0189449620658413	4
WT	Drug_Z	15	0.0212812591605923	4
WT	Drug_Z	16	0.036453197185931	4
WT	Drug_Z	17	0.0404805165001413	4
WT	Drug_Z	18	0.0415517851500662	4
WT	Drug_Z	19	0.0416509682614886	4
WT	Drug_Z	20	0.0618383241957625	4
WT	Drug_Z	21	0.0671429383832963	4
WT	Drug_Z	22	0.0722548440105949	4
WT	Drug_Z	23	0.0800243942926351	4
WT	Drug_Z	24	0.0842853282935738	4
WT	Drug_Z	25	0.0915138560012921	4
WT	Drug_Z	26	0.116151993630197	4
WT	Drug_Z	27	0.109897357922594	4
WT	Drug_Z	28	0.124863407868788	4
WT	Drug_Z	29	0.120177293215666	4
WT	Drug_Z	30	0.143776914970893	4
WT	Drug_Z	31	0.161835449894228	4
WT	Drug_Z	32	0.135408547211859	4
WT	Drug_Z	33	0.145115016615191	4
WT	Drug_Z	34	0.152420140507215	4
WT	Drug_Z	35	0.162891818268855	4
WT	Drug_Z	36	0.158119107480948	4
WT	Drug_Z	1	0	5
WT	Drug_Z	2	0.00017934033306514	5
WT	Drug_Z	3	0.00858847365952705	5
WT	Drug_Z	4	0	5
WT	Drug_Z	5	0.00561181936624437	5
WT	Drug_Z	6	0.00252729229786935	5
WT	Drug_Z	7	0.00912108665213273	5
WT	Drug_Z	8	0	5
WT	Drug_Z	9	0.0152017409848727	5
WT	Drug_Z	10	0.00637700261334914	5
WT	Drug_Z	11	0.0220411388910417	5
WT	Drug_Z	12	0.0134673481745619	5
WT	Drug_Z	13	0.0177195134643075	5
WT	Drug_Z	14	0.0303925342939584	5
WT	Drug_Z	15	0.0195777288082886	5
WT	Drug_Z	16	0.0322032607127577	5
WT	Drug_Z	17	0.0449945476199773	5
WT	Drug_Z	18	0.051699978363567	5
WT	Drug_Z	19	0.0532016089883107	5
WT	Drug_Z	20	0.0563980799420396	5
WT	Drug_Z	21	0.0705357889430694	5
WT	Drug_Z	22	0.0694712691497518	5
WT	Drug_Z	23	0.0819688831984303	5
WT	Drug_Z	24	0.092090526453574	5
WT	Drug_Z	25	0.0916673879002617	5
WT	Drug_Z	26	0.124868529696254	5
WT	Drug_Z	27	0.11737045194512	5
WT	Drug_Z	28	0.133656784376778	5
WT	Drug_Z	29	0.133503487994372	5
WT	Drug_Z	30	0.155321572724355	5
WT	Drug_Z	31	0.147053151356705	5
WT	Drug_Z	32	0.156509231223969	5
WT	Drug_Z	33	0.160756680984093	5
WT	Drug_Z	34	0.156472259470063	5
WT	Drug_Z	35	0.164792036526975	5
WT	Drug_Z	36	0.168515124697893	5
WT	Drug_Z	1	0	6
WT	Drug_Z	2	0.00314054297481396	6
WT	Drug_Z	3	0.0182659163264665	6
WT	Drug_Z	4	0.00699706950695878	6
WT	Drug_Z	5	0.00279500265341536	6
WT	Drug_Z	6	0.0203302728109946	6
WT	Drug_Z	7	0.0131087293173135	6
WT	Drug_Z	8	0.0109616491847752	6
WT	Drug_Z	9	0.0232000657959232	6
WT	Drug_Z	10	0.0206603018347889	6
WT	Drug_Z	11	0.0150431497765326	6
WT	Drug_Z	12	0.020882286580491	6
WT	Drug_Z	13	0.0299467407956904	6
WT	Drug_Z	14	0.0261930089408105	6
WT	Drug_Z	15	0.0348475179406596	6
WT	Drug_Z	16	0.0440040922422501	6
WT	Drug_Z	17	0.0434850777647141	6
WT	Drug_Z	18	0.0476431999095208	6
WT	Drug_Z	19	0.0656061051687822	6
WT	Drug_Z	20	0.0791426024365107	6
WT	Drug_Z	21	0.0768741776112208	6
WT	Drug_Z	22	0.0877158018860195	6
WT	Drug_Z	23	0.0906926827559492	6
WT	Drug_Z	24	0.10911008555339	6
WT	Drug_Z	25	0.100219883444759	6
WT	Drug_Z	26	0.12128128739782	6
WT	Drug_Z	27	0.147870336927274	6
WT	Drug_Z	28	0.145708249279063	6
WT	Drug_Z	29	0.143017886132444	6
WT	Drug_Z	30	0.167191060714837	6
WT	Drug_Z	31	0.162841485691494	6
WT	Drug_Z	32	0.172346462104133	6
WT	Drug_Z	33	0.172543626845297	6
WT	Drug_Z	34	0.184153603689336	6
WT	Drug_Z	35	0.171394732300403	6
WT	Drug_Z	36	0.1871564978326	6
WT	Drug_Z	1	0.000738536964193258	7
WT	Drug_Z	2	0.0110113150189599	7
WT	Drug_Z	3	0	7
WT	Drug_Z	4	0	7
WT	Drug_Z	5	0.00611972091326571	7
WT	Drug_Z	6	0.000977852326801609	7
WT	Drug_Z	7	0.0103854306943592	7
WT	Drug_Z	8	0.00623315907382662	7
WT	Drug_Z	9	0.0077669727710162	7
WT	Drug_Z	10	0.0213199660692651	7
WT	Drug_Z	11	0.0149681783051884	7
WT	Drug_Z	12	0.0149130453486956	7
WT	Drug_Z	13	0.035488419036309	7
WT	Drug_Z	14	0.033291467638233	7
WT	Drug_Z	15	0.0364457153831978	7
WT	Drug_Z	16	0.0385228595609955	7
WT	Drug_Z	17	0.0407195624361118	7
WT	Drug_Z	18	0.0511106264808921	7
WT	Drug_Z	19	0.0481458958808421	7
WT	Drug_Z	20	0.061350868360915	7
WT	Drug_Z	21	0.0638322950994371	7
WT	Drug_Z	22	0.0824775459373763	7
WT	Drug_Z	23	0.0764335322564821	7
WT	Drug_Z	24	0.0901883843874761	7
WT	Drug_Z	25	0.0838982749184429	7
WT	Drug_Z	26	0.103108564472678	7
WT	Drug_Z	27	0.113304893789804	7
WT	Drug_Z	28	0.128894692040759	7
WT	Drug_Z	29	0.126698759186533	7
WT	Drug_Z	30	0.131345521838122	7
WT	Drug_Z	31	0.131504705759478	7
WT	Drug_Z	32	0.132241932927117	7
WT	Drug_Z	33	0.13841866213382	7
WT	Drug_Z	34	0.143180602516505	7
WT	Drug_Z	35	0.152454946416999	7
WT	Drug_Z	36	0.156696043670131	7
WT	Drug_Z	1	0.0137867894122928	8
WT	Drug_Z	2	0.00707594433954613	8
WT	Drug_Z	3	0.00289204366465134	8
WT	Drug_Z	4	0.00630231140590459	8
WT	Drug_Z	5	0.00225639632987671	8
WT	Drug_Z	6	0.00237955777721514	8
WT	Drug_Z	7	0.0115530216936784	8
WT	Drug_Z	8	0	8
WT	Drug_Z	9	0.00553104093679819	8
WT	Drug_Z	10	0	8
WT	Drug_Z	11	0.0242398572941817	8
WT	Drug_Z	12	0.0189536211811594	8
WT	Drug_Z	13	0.0286407587837563	8
WT	Drug_Z	14	0.0233237534485203	8
WT	Drug_Z	15	0.0184075312112921	8
WT	Drug_Z	16	0.0195445107191786	8
WT	Drug_Z	17	0.0235009186741997	8
WT	Drug_Z	18	0.0356796247000535	8
WT	Drug_Z	19	0.0422575039485057	8
WT	Drug_Z	20	0.0524930708294343	8
WT	Drug_Z	21	0.0620352172056543	8
WT	Drug_Z	22	0.0784178046826563	8
WT	Drug_Z	23	0.0888111609903148	8
WT	Drug_Z	24	0.0984091540825431	8
WT	Drug_Z	25	0.110362755868604	8
WT	Drug_Z	26	0.130368834274338	8
WT	Drug_Z	27	0.121795566036742	8
WT	Drug_Z	28	0.141675452203778	8
WT	Drug_Z	29	0.155960914405971	8
WT	Drug_Z	30	0.160977781741313	8
WT	Drug_Z	31	0.166999823706562	8
WT	Drug_Z	32	0.176894696833448	8
WT	Drug_Z	33	0.177271526900934	8
WT	Drug_Z	34	0.187549618160205	8
WT	Drug_Z	35	0.199804277425896	8
WT	Drug_Z	36	0.190170983450158	8
WT	None	1	0.0235525881218363	1
WT	None	2	0.0231820170505465	1
WT	None	3	0.0330106808633163	1
WT	None	4	0.0267382095473675	1
WT	None	5	0.0268752718858389	1
WT	None	6	0.0351072135021429	1
WT	None	7	0.0537290645243433	1
WT	None	8	0.0510000930386974	1
WT	None	9	0.0672609507101219	1
WT	None	10	0.0689287782305584	1
WT	None	11	0.0909167949487551	1
WT	None	12	0.108252493355186	1
WT	None	13	0.137670600744702	1
WT	None	14	0.151175204873135	1
WT	None	15	0.175372157830159	1
WT	None	16	0.20914471027015	1
WT	None	17	0.234633412280132	1
WT	None	18	0.262928091360175	1
WT	None	19	0.315171320517359	1
WT	None	20	0.341774907291916	1
WT	None	21	0.388024330489639	1
WT	None	22	0.424250569345713	1
WT	None	23	0.473130409071321	1
WT	None	24	0.504900367326462	1
WT	None	25	0.542607353221833	1
WT	None	26	0.600315411691565	1
WT	None	27	0.638107874128419	1
WT	None	28	0.679262499151391	1
WT	None	29	0.706131603170728	1
WT	None	30	0.754047762271224	1
WT	None	31	0.770270403274781	1
WT	None	32	0.809767140045434	1
WT	None	33	0.851562631076506	1
WT	None	34	0.862130243282213	1
WT	None	35	0.872765010985702	1
WT	None	36	0.881402876370585	1
WT	None	1	0.00580401144354637	2
WT	None	2	0.010573758333736	2
WT	None	3	0.00640418938772324	2
WT	None	4	0.00531107915778011	2
WT	None	5	0.0117749051614111	2
WT	None	6	0.017133120490995	2
WT	None	7	0.0282180826428759	2
WT	None	8	0.0117395975772756	2
WT	None	9	0.0158938057355252	2
WT	None	10	0.0271567065251434	2
WT	None	11	0.0442777322397875	2
WT	None	12	0.0514102964632271	2
WT	None	13	0.066471904281666	2
WT	None	14	0.078847666391035	2
WT	None	15	0.077119520019227	2
WT	None	16	0.117601012174308	2
WT	None	17	0.138924835999648	2
WT	None	18	0.177561855018841	2
WT	None	19	0.1922933054797	2
WT	None	20	0.234516078584123	2
WT	None	21	0.272449945111381	2
WT	None	22	0.31066128674732	2
WT	None	23	0.360348479740598	2
WT	None	24	0.400770813579032	2
WT	None	25	0.455911681516608	2
WT	None	26	0.512195976934416	2
WT	None	27	0.549273877106822	2
WT	None	28	0.614978756064391	2
WT	None	29	0.640532844134389	2
WT	None	30	0.692045291457109	2
WT	None	31	0.712691196607638	2
WT	None	32	0.74823684813271	2
WT	None	33	0.788145669237086	2
WT	None	34	0.811932810180461	2
WT	None	35	0.826298364237457	2
WT	None	36	0.840552154046492	2
WT	None	1	0.0191410417219771	3
WT	None	2	0.0263825375474225	3
WT	None	3	0.0280258085414559	3
WT	None	4	0.030812480680385	3
WT	None	5	0.0308412757392009	3
WT	None	6	0.0363554123556148	3
WT	None	7	0.0543271326818221	3
WT	None	8	0.0524086398541732	3
WT	None	9	0.0648375747129206	3
WT	None	10	0.0794047910167278	3
WT	None	11	0.0890367883062991	3
WT	None	12	0.102213560340536	3
WT	None	13	0.123270247281095	3
WT	None	14	0.134493395976399	3
WT	None	15	0.157047659655167	3
WT	None	16	0.17461441920574	3
WT	None	17	0.197975604977054	3
WT	None	18	0.233255838401481	3
WT	None	19	0.273541592711043	3
WT	None	20	0.291013101794355	3
WT	None	21	0.337091215510706	3
WT	None	22	0.377441846544168	3
WT	None	23	0.404982579419182	3
WT	None	24	0.45439122359412	3
WT	None	25	0.479001880153883	3
WT	None	26	0.522150093106455	3
WT	None	27	0.547842382665926	3
WT	None	28	0.601723750038989	3
WT	None	29	0.621533188113297	3
WT	None	30	0.657923053095067	3
WT	None	31	0.692833650993478	3
WT	None	32	0.703376281291793	3
WT	None	33	0.724427578886255	3
WT	None	34	0.755269422529323	3
WT	None	35	0.787483242560945	3
WT	None	36	0.784698682865002	3
WT	None	1	0.00689669502460399	4
WT	None	2	0	4
WT	None	3	0.011940549203801	4
WT	None	4	0.00454996020294495	4
WT	None	5	0.0197600846768876	4
WT	None	6	0.0155076538847223	4
WT	None	7	0.026971198285892	4
WT	None	8	0.0177424634568108	4
WT	None	9	0.0401270158503436	4
WT	None	10	0.0561574502180278	4
WT	None	11	0.0560790808386211	4
WT	None	12	0.0700947636170739	4
WT	None	13	0.106203750296475	4
WT	None	14	0.109103671528346	4
WT	None	15	0.134241192611918	4
WT	None	16	0.156799130068411	4
WT	None	17	0.19080879020654	4
WT	None	18	0.219010094886888	4
WT	None	19	0.256274814412638	4
WT	None	20	0.303702182956975	4
WT	None	21	0.325579237545273	4
WT	None	22	0.380526542967431	4
WT	None	23	0.421233975683634	4
WT	None	24	0.469877072510683	4
WT	None	25	0.526736124496378	4
WT	None	26	0.573880989483328	4
WT	None	27	0.627502412778385	4
WT	None	28	0.656930380194644	4
WT	None	29	0.694608401663084	4
WT	None	30	0.741217274418628	4
WT	None	31	0.761562988842831	4
WT	None	32	0.799317868105439	4
WT	None	33	0.807001805576648	4
WT	None	34	0.840678903481604	4
WT	None	35	0.860768746982371	4
WT	None	36	0.862406552372027	4
WT	None	1	0.00977121186125378	5
WT	None	2	0	5
WT	None	3	0.00425481812833741	5
WT	None	4	0.0232053200785238	5
WT	None	5	0.0147561867057672	5
WT	None	6	0.0309107468277046	5
WT	None	7	0.0274369005116393	5
WT	None	8	0.0432726762546879	5
WT	None	9	0.0468311476277528	5
WT	None	10	0.0597847294158336	5
WT	None	11	0.0753379874850146	5
WT	None	12	0.0797621558890539	5
WT	None	13	0.0942350448549851	5
WT	None	14	0.128326238040794	5
WT	None	15	0.146245196463958	5
WT	None	16	0.175539662087938	5
WT	None	17	0.192084720293194	5
WT	None	18	0.230332154202189	5
WT	None	19	0.264841485497152	5
WT	None	20	0.327325111211284	5
WT	None	21	0.361716716205436	5
WT	None	22	0.402375661134206	5
WT	None	23	0.464104572788957	5
WT	None	24	0.507867526657473	5
WT	None	25	0.569936396891454	5
WT	None	26	0.618976185798512	5
WT	None	27	0.662640144196047	5
WT	None	28	0.714475732239709	5
WT	None	29	0.746072038229314	5
WT	None	30	0.787441003442067	5
WT	None	31	0.828208112425834	5
WT	None	32	0.856149186982489	5
WT	None	33	0.887680025349811	5
WT	None	34	0.904543889697857	5
WT	None	35	0.916880693498954	5
WT	None	36	0.940708618999084	5
WT	None	1	0.0179435197107138	6
WT	None	2	0.00871220531352432	6
WT	None	3	0.024472877540921	6
WT	None	4	0.0308512138431358	6
WT	None	5	0.0324377690899576	6
WT	None	6	0.0406196619567615	6
WT	None	7	0.0411798160626026	6
WT	None	8	0.0599136287009874	6
WT	None	9	0.0628058814277294	6
WT	None	10	0.081878640381384	6
WT	None	11	0.0808787344317326	6
WT	None	12	0.103839202839286	6
WT	None	13	0.118423726216106	6
WT	None	14	0.152139887018249	6
WT	None	15	0.179488934228388	6
WT	None	16	0.196911153615495	6
WT	None	17	0.231602834282159	6
WT	None	18	0.257977612306206	6
WT	None	19	0.30824575060369	6
WT	None	20	0.337368896534097	6
WT	None	21	0.393357128103277	6
WT	None	22	0.434574911492937	6
WT	None	23	0.483286782382122	6
WT	None	24	0.512288944339832	6
WT	None	25	0.57336292464962	6
WT	None	26	0.621380406993907	6
WT	None	27	0.658719720484379	6
WT	None	28	0.706080558237939	6
WT	None	29	0.731050906304315	6
WT	None	30	0.779163004163844	6
WT	None	31	0.800493853513707	6
WT	None	32	0.831521788769555	6
WT	None	33	0.851561189840107	6
WT	None	34	0.877838388147704	6
WT	None	35	0.893702947190614	6
WT	None	36	0.915627178940161	6
WT	None	1	0.00726574458039699	7
WT	None	2	0.0213247969328941	7
WT	None	3	0.026604709065327	7
WT	None	4	0.0335498974702301	7
WT	None	5	0.0510811061548358	7
WT	None	6	0.0381651920847331	7
WT	None	7	0.0412107233148982	7
WT	None	8	0.0406805899387728	7
WT	None	9	0.0626783675169953	7
WT	None	10	0.0875385064610415	7
WT	None	11	0.0857805906472681	7
WT	None	12	0.0979402909684772	7
WT	None	13	0.115192418991672	7
WT	None	14	0.132715007553904	7
WT	None	15	0.157356223933584	7
WT	None	16	0.17351131563517	7
WT	None	17	0.207549934522645	7
WT	None	18	0.239087237253413	7
WT	None	19	0.26724341484855	7
WT	None	20	0.29023838107023	7
WT	None	21	0.318786115935612	7
WT	None	22	0.358294448913604	7
WT	None	23	0.393282451759108	7
WT	None	24	0.445785932677377	7
WT	None	25	0.478296474413733	7
WT	None	26	0.497749012894024	7
WT	None	27	0.543326938554728	7
WT	None	28	0.579069307656027	7
WT	None	29	0.60166562517454	7
WT	None	30	0.642198176423377	7
WT	None	31	0.663080621145702	7
WT	None	32	0.688303628731505	7
WT	None	33	0.711683172967408	7
WT	None	34	0.73164039521609	7
WT	None	35	0.747095476087597	7
WT	None	36	0.749264304420015	7
WT	None	1	0.0117388680307407	8
WT	None	2	0.00759682680667573	8
WT	None	3	0	8
WT	None	4	0.00669814254618084	8
WT	None	5	0.00981362942890472	8
WT	None	6	0.00969544497981954	8
WT	None	7	0.00880299285934589	8
WT	None	8	0.0386939573971332	8
WT	None	9	0.0397562445319548	8
WT	None	10	0.0467395037533867	8
WT	None	11	0.0448476601457525	8
WT	None	12	0.063281845791855	8
WT	None	13	0.078387998033916	8
WT	None	14	0.0954771974213786	8
WT	None	15	0.123106828995074	8
WT	None	16	0.154946326116134	8
WT	None	17	0.19408161950123	8
WT	None	18	0.231331165705986	8
WT	None	19	0.260723269618111	8
WT	None	20	0.319324270816421	8
WT	None	21	0.374323736544899	8
WT	None	22	0.429840549797166	8
WT	None	23	0.477765880211271	8
WT	None	24	0.561491785065995	8
WT	None	25	0.618464326395321	8
WT	None	26	0.678685805405257	8
WT	None	27	0.742537551792007	8
WT	None	28	0.772741156198531	8
WT	None	29	0.825772771920971	8
WT	None	30	0.855551569618838	8
WT	None	31	0.900325435926062	8
WT	None	32	0.921391919971064	8
WT	None	33	0.953221717567375	8
WT	None	34	0.979839510391743	8
WT	None	35	0.99267936870325	8
WT	None	36	1	8
